"Program","Year","Period","Week Ending","Geo Level","State","State ANSI","Ag District","Ag District Code","County","County ANSI","Zip Code","Region","watershed_code","Watershed","Commodity","Data Item","Domain","Domain Category","Value","CV (%)"
"SURVEY","2021","JAN","","NATIONAL","US TOTAL","","","","","","","","00000000","","PPITW","PPITW, (COMMODITIES, SERVICES, INTEREST, TAXES & WAGE RATES) - INDEX FOR PRICE PAID, 2011","TOTAL","NOT SPECIFIED","109.9",""
"SURVEY","2021","FEB","","NATIONAL","US TOTAL","","","","","","","","00000000","","PPITW","PPITW, (COMMODITIES, SERVICES, INTEREST, TAXES & WAGE RATES) - INDEX FOR PRICE PAID, 2011","TOTAL","NOT SPECIFIED","110.9",""
"SURVEY","2021","MAR","","NATIONAL","US TOTAL","","","","","","","","00000000","","PPITW","PPITW, (COMMODITIES, SERVICES, INTEREST, TAXES & WAGE RATES) - INDEX FOR PRICE PAID, 2011","TOTAL","NOT SPECIFIED","111.7",""
"SURVEY","2021","APR","","NATIONAL","US TOTAL","","","","","","","","00000000","","PPITW","PPITW, (COMMODITIES, SERVICES, INTEREST, TAXES & WAGE RATES) - INDEX FOR PRICE PAID, 2011","TOTAL","NOT SPECIFIED","112.6",""
"SURVEY","2020","YEAR","","NATIONAL","US TOTAL","","","","","","","","00000000","","PPITW","PPITW, (COMMODITIES, SERVICES, INTEREST, TAXES & WAGE RATES) - INDEX FOR PRICE PAID, 2011","TOTAL","NOT SPECIFIED","108.9",""
"SURVEY","2020","JAN","","NATIONAL","US TOTAL","","","","","","","","00000000","","PPITW","PPITW, (COMMODITIES, SERVICES, INTEREST, TAXES & WAGE RATES) - INDEX FOR PRICE PAID, 2011","TOTAL","NOT SPECIFIED","110.9",""
"SURVEY","2020","FEB","","NATIONAL","US TOTAL","","","","","","","","00000000","","PPITW","PPITW, (COMMODITIES, SERVICES, INTEREST, TAXES & WAGE RATES) - INDEX FOR PRICE PAID, 2011","TOTAL","NOT SPECIFIED","110.6",""
"SURVEY","2020","MAR","","NATIONAL","US TOTAL","","","","","","","","00000000","","PPITW","PPITW, (COMMODITIES, SERVICES, INTEREST, TAXES & WAGE RATES) - INDEX FOR PRICE PAID, 2011","TOTAL","NOT SPECIFIED","109.6",""
"SURVEY","2020","APR","","NATIONAL","US TOTAL","","","","","","","","00000000","","PPITW","PPITW, (COMMODITIES, SERVICES, INTEREST, TAXES & WAGE RATES) - INDEX FOR PRICE PAID, 2011","TOTAL","NOT SPECIFIED","108.1",""
"SURVEY","2020","MAY","","NATIONAL","US TOTAL","","","","","","","","00000000","","PPITW","PPITW, (COMMODITIES, SERVICES, INTEREST, TAXES & WAGE RATES) - INDEX FOR PRICE PAID, 2011","TOTAL","NOT SPECIFIED","108",""
"SURVEY","2020","JUN","","NATIONAL","US TOTAL","","","","","","","","00000000","","PPITW","PPITW, (COMMODITIES, SERVICES, INTEREST, TAXES & WAGE RATES) - INDEX FOR PRICE PAID, 2011","TOTAL","NOT SPECIFIED","107.9",""
"SURVEY","2020","JUL","","NATIONAL","US TOTAL","","","","","","","","00000000","","PPITW","PPITW, (COMMODITIES, SERVICES, INTEREST, TAXES & WAGE RATES) - INDEX FOR PRICE PAID, 2011","TOTAL","NOT SPECIFIED","108.1",""
"SURVEY","2020","AUG","","NATIONAL","US TOTAL","","","","","","","","00000000","","PPITW","PPITW, (COMMODITIES, SERVICES, INTEREST, TAXES & WAGE RATES) - INDEX FOR PRICE PAID, 2011","TOTAL","NOT SPECIFIED","108.1",""
"SURVEY","2020","SEP","","NATIONAL","US TOTAL","","","","","","","","00000000","","PPITW","PPITW, (COMMODITIES, SERVICES, INTEREST, TAXES & WAGE RATES) - INDEX FOR PRICE PAID, 2011","TOTAL","NOT SPECIFIED","108.3",""
"SURVEY","2020","OCT","","NATIONAL","US TOTAL","","","","","","","","00000000","","PPITW","PPITW, (COMMODITIES, SERVICES, INTEREST, TAXES & WAGE RATES) - INDEX FOR PRICE PAID, 2011","TOTAL","NOT SPECIFIED","108.7",""
"SURVEY","2020","NOV","","NATIONAL","US TOTAL","","","","","","","","00000000","","PPITW","PPITW, (COMMODITIES, SERVICES, INTEREST, TAXES & WAGE RATES) - INDEX FOR PRICE PAID, 2011","TOTAL","NOT SPECIFIED","109.3",""
"SURVEY","2020","DEC","","NATIONAL","US TOTAL","","","","","","","","00000000","","PPITW","PPITW, (COMMODITIES, SERVICES, INTEREST, TAXES & WAGE RATES) - INDEX FOR PRICE PAID, 2011","TOTAL","NOT SPECIFIED","109.6",""
"SURVEY","2019","YEAR","","NATIONAL","US TOTAL","","","","","","","","00000000","","PPITW","PPITW, (COMMODITIES, SERVICES, INTEREST, TAXES & WAGE RATES) - INDEX FOR PRICE PAID, 2011","TOTAL","NOT SPECIFIED","110.5",""
"SURVEY","2019","JAN","","NATIONAL","US TOTAL","","","","","","","","00000000","","PPITW","PPITW, (COMMODITIES, SERVICES, INTEREST, TAXES & WAGE RATES) - INDEX FOR PRICE PAID, 2011","TOTAL","NOT SPECIFIED","110.4",""
"SURVEY","2019","FEB","","NATIONAL","US TOTAL","","","","","","","","00000000","","PPITW","PPITW, (COMMODITIES, SERVICES, INTEREST, TAXES & WAGE RATES) - INDEX FOR PRICE PAID, 2011","TOTAL","NOT SPECIFIED","110.6",""
"SURVEY","2019","MAR","","NATIONAL","US TOTAL","","","","","","","","00000000","","PPITW","PPITW, (COMMODITIES, SERVICES, INTEREST, TAXES & WAGE RATES) - INDEX FOR PRICE PAID, 2011","TOTAL","NOT SPECIFIED","110.7",""
"SURVEY","2019","APR","","NATIONAL","US TOTAL","","","","","","","","00000000","","PPITW","PPITW, (COMMODITIES, SERVICES, INTEREST, TAXES & WAGE RATES) - INDEX FOR PRICE PAID, 2011","TOTAL","NOT SPECIFIED","111.2",""
"SURVEY","2019","MAY","","NATIONAL","US TOTAL","","","","","","","","00000000","","PPITW","PPITW, (COMMODITIES, SERVICES, INTEREST, TAXES & WAGE RATES) - INDEX FOR PRICE PAID, 2011","TOTAL","NOT SPECIFIED","110.8",""
"SURVEY","2019","JUN","","NATIONAL","US TOTAL","","","","","","","","00000000","","PPITW","PPITW, (COMMODITIES, SERVICES, INTEREST, TAXES & WAGE RATES) - INDEX FOR PRICE PAID, 2011","TOTAL","NOT SPECIFIED","110.4",""
"SURVEY","2019","JUL","","NATIONAL","US TOTAL","","","","","","","","00000000","","PPITW","PPITW, (COMMODITIES, SERVICES, INTEREST, TAXES & WAGE RATES) - INDEX FOR PRICE PAID, 2011","TOTAL","NOT SPECIFIED","110.6",""
"SURVEY","2019","AUG","","NATIONAL","US TOTAL","","","","","","","","00000000","","PPITW","PPITW, (COMMODITIES, SERVICES, INTEREST, TAXES & WAGE RATES) - INDEX FOR PRICE PAID, 2011","TOTAL","NOT SPECIFIED","109.8",""
"SURVEY","2019","SEP","","NATIONAL","US TOTAL","","","","","","","","00000000","","PPITW","PPITW, (COMMODITIES, SERVICES, INTEREST, TAXES & WAGE RATES) - INDEX FOR PRICE PAID, 2011","TOTAL","NOT SPECIFIED","109.5",""
"SURVEY","2019","OCT","","NATIONAL","US TOTAL","","","","","","","","00000000","","PPITW","PPITW, (COMMODITIES, SERVICES, INTEREST, TAXES & WAGE RATES) - INDEX FOR PRICE PAID, 2011","TOTAL","NOT SPECIFIED","110.3",""
"SURVEY","2019","NOV","","NATIONAL","US TOTAL","","","","","","","","00000000","","PPITW","PPITW, (COMMODITIES, SERVICES, INTEREST, TAXES & WAGE RATES) - INDEX FOR PRICE PAID, 2011","TOTAL","NOT SPECIFIED","110.5",""
"SURVEY","2019","DEC","","NATIONAL","US TOTAL","","","","","","","","00000000","","PPITW","PPITW, (COMMODITIES, SERVICES, INTEREST, TAXES & WAGE RATES) - INDEX FOR PRICE PAID, 2011","TOTAL","NOT SPECIFIED","110.8",""
"SURVEY","2018","YEAR","","NATIONAL","US TOTAL","","","","","","","","00000000","","PPITW","PPITW, (COMMODITIES, SERVICES, INTEREST, TAXES & WAGE RATES) - INDEX FOR PRICE PAID, 2011","TOTAL","NOT SPECIFIED","109.1",""
"SURVEY","2018","JAN","","NATIONAL","US TOTAL","","","","","","","","00000000","","PPITW","PPITW, (COMMODITIES, SERVICES, INTEREST, TAXES & WAGE RATES) - INDEX FOR PRICE PAID, 2011","TOTAL","NOT SPECIFIED","108.2",""
"SURVEY","2018","FEB","","NATIONAL","US TOTAL","","","","","","","","00000000","","PPITW","PPITW, (COMMODITIES, SERVICES, INTEREST, TAXES & WAGE RATES) - INDEX FOR PRICE PAID, 2011","TOTAL","NOT SPECIFIED","108.9",""
"SURVEY","2018","MAR","","NATIONAL","US TOTAL","","","","","","","","00000000","","PPITW","PPITW, (COMMODITIES, SERVICES, INTEREST, TAXES & WAGE RATES) - INDEX FOR PRICE PAID, 2011","TOTAL","NOT SPECIFIED","108.9",""
"SURVEY","2018","APR","","NATIONAL","US TOTAL","","","","","","","","00000000","","PPITW","PPITW, (COMMODITIES, SERVICES, INTEREST, TAXES & WAGE RATES) - INDEX FOR PRICE PAID, 2011","TOTAL","NOT SPECIFIED","108.6",""
"SURVEY","2018","MAY","","NATIONAL","US TOTAL","","","","","","","","00000000","","PPITW","PPITW, (COMMODITIES, SERVICES, INTEREST, TAXES & WAGE RATES) - INDEX FOR PRICE PAID, 2011","TOTAL","NOT SPECIFIED","109",""
"SURVEY","2018","JUN","","NATIONAL","US TOTAL","","","","","","","","00000000","","PPITW","PPITW, (COMMODITIES, SERVICES, INTEREST, TAXES & WAGE RATES) - INDEX FOR PRICE PAID, 2011","TOTAL","NOT SPECIFIED","108.8",""
"SURVEY","2018","JUL","","NATIONAL","US TOTAL","","","","","","","","00000000","","PPITW","PPITW, (COMMODITIES, SERVICES, INTEREST, TAXES & WAGE RATES) - INDEX FOR PRICE PAID, 2011","TOTAL","NOT SPECIFIED","109",""
"SURVEY","2018","AUG","","NATIONAL","US TOTAL","","","","","","","","00000000","","PPITW","PPITW, (COMMODITIES, SERVICES, INTEREST, TAXES & WAGE RATES) - INDEX FOR PRICE PAID, 2011","TOTAL","NOT SPECIFIED","109.2",""
"SURVEY","2018","SEP","","NATIONAL","US TOTAL","","","","","","","","00000000","","PPITW","PPITW, (COMMODITIES, SERVICES, INTEREST, TAXES & WAGE RATES) - INDEX FOR PRICE PAID, 2011","TOTAL","NOT SPECIFIED","109.1",""
"SURVEY","2018","OCT","","NATIONAL","US TOTAL","","","","","","","","00000000","","PPITW","PPITW, (COMMODITIES, SERVICES, INTEREST, TAXES & WAGE RATES) - INDEX FOR PRICE PAID, 2011","TOTAL","NOT SPECIFIED","109.7",""
"SURVEY","2018","NOV","","NATIONAL","US TOTAL","","","","","","","","00000000","","PPITW","PPITW, (COMMODITIES, SERVICES, INTEREST, TAXES & WAGE RATES) - INDEX FOR PRICE PAID, 2011","TOTAL","NOT SPECIFIED","109.8",""
"SURVEY","2018","DEC","","NATIONAL","US TOTAL","","","","","","","","00000000","","PPITW","PPITW, (COMMODITIES, SERVICES, INTEREST, TAXES & WAGE RATES) - INDEX FOR PRICE PAID, 2011","TOTAL","NOT SPECIFIED","110",""
"SURVEY","2017","YEAR","","NATIONAL","US TOTAL","","","","","","","","00000000","","PPITW","PPITW, (COMMODITIES, SERVICES, INTEREST, TAXES & WAGE RATES) - INDEX FOR PRICE PAID, 2011","TOTAL","NOT SPECIFIED","106.5",""
"SURVEY","2017","JAN","","NATIONAL","US TOTAL","","","","","","","","00000000","","PPITW","PPITW, (COMMODITIES, SERVICES, INTEREST, TAXES & WAGE RATES) - INDEX FOR PRICE PAID, 2011","TOTAL","NOT SPECIFIED","105.9",""
"SURVEY","2017","FEB","","NATIONAL","US TOTAL","","","","","","","","00000000","","PPITW","PPITW, (COMMODITIES, SERVICES, INTEREST, TAXES & WAGE RATES) - INDEX FOR PRICE PAID, 2011","TOTAL","NOT SPECIFIED","106.4",""
"SURVEY","2017","MAR","","NATIONAL","US TOTAL","","","","","","","","00000000","","PPITW","PPITW, (COMMODITIES, SERVICES, INTEREST, TAXES & WAGE RATES) - INDEX FOR PRICE PAID, 2011","TOTAL","NOT SPECIFIED","106.5",""
"SURVEY","2017","APR","","NATIONAL","US TOTAL","","","","","","","","00000000","","PPITW","PPITW, (COMMODITIES, SERVICES, INTEREST, TAXES & WAGE RATES) - INDEX FOR PRICE PAID, 2011","TOTAL","NOT SPECIFIED","106.7",""
"SURVEY","2017","MAY","","NATIONAL","US TOTAL","","","","","","","","00000000","","PPITW","PPITW, (COMMODITIES, SERVICES, INTEREST, TAXES & WAGE RATES) - INDEX FOR PRICE PAID, 2011","TOTAL","NOT SPECIFIED","106.8",""
"SURVEY","2017","JUN","","NATIONAL","US TOTAL","","","","","","","","00000000","","PPITW","PPITW, (COMMODITIES, SERVICES, INTEREST, TAXES & WAGE RATES) - INDEX FOR PRICE PAID, 2011","TOTAL","NOT SPECIFIED","106.6",""
"SURVEY","2017","JUL","","NATIONAL","US TOTAL","","","","","","","","00000000","","PPITW","PPITW, (COMMODITIES, SERVICES, INTEREST, TAXES & WAGE RATES) - INDEX FOR PRICE PAID, 2011","TOTAL","NOT SPECIFIED","106.4",""
"SURVEY","2017","AUG","","NATIONAL","US TOTAL","","","","","","","","00000000","","PPITW","PPITW, (COMMODITIES, SERVICES, INTEREST, TAXES & WAGE RATES) - INDEX FOR PRICE PAID, 2011","TOTAL","NOT SPECIFIED","105.7",""
"SURVEY","2017","SEP","","NATIONAL","US TOTAL","","","","","","","","00000000","","PPITW","PPITW, (COMMODITIES, SERVICES, INTEREST, TAXES & WAGE RATES) - INDEX FOR PRICE PAID, 2011","TOTAL","NOT SPECIFIED","106.1",""
"SURVEY","2017","OCT","","NATIONAL","US TOTAL","","","","","","","","00000000","","PPITW","PPITW, (COMMODITIES, SERVICES, INTEREST, TAXES & WAGE RATES) - INDEX FOR PRICE PAID, 2011","TOTAL","NOT SPECIFIED","106.7",""
"SURVEY","2017","NOV","","NATIONAL","US TOTAL","","","","","","","","00000000","","PPITW","PPITW, (COMMODITIES, SERVICES, INTEREST, TAXES & WAGE RATES) - INDEX FOR PRICE PAID, 2011","TOTAL","NOT SPECIFIED","107",""
"SURVEY","2017","DEC","","NATIONAL","US TOTAL","","","","","","","","00000000","","PPITW","PPITW, (COMMODITIES, SERVICES, INTEREST, TAXES & WAGE RATES) - INDEX FOR PRICE PAID, 2011","TOTAL","NOT SPECIFIED","107.3",""
"SURVEY","2016","YEAR","","NATIONAL","US TOTAL","","","","","","","","00000000","","PPITW","PPITW, (COMMODITIES, SERVICES, INTEREST, TAXES & WAGE RATES) - INDEX FOR PRICE PAID, 2011","TOTAL","NOT SPECIFIED","105.8",""
"SURVEY","2016","JAN","","NATIONAL","US TOTAL","","","","","","","","00000000","","PPITW","PPITW, (COMMODITIES, SERVICES, INTEREST, TAXES & WAGE RATES) - INDEX FOR PRICE PAID, 2011","TOTAL","NOT SPECIFIED","107.3",""
"SURVEY","2016","FEB","","NATIONAL","US TOTAL","","","","","","","","00000000","","PPITW","PPITW, (COMMODITIES, SERVICES, INTEREST, TAXES & WAGE RATES) - INDEX FOR PRICE PAID, 2011","TOTAL","NOT SPECIFIED","106.9",""
"SURVEY","2016","MAR","","NATIONAL","US TOTAL","","","","","","","","00000000","","PPITW","PPITW, (COMMODITIES, SERVICES, INTEREST, TAXES & WAGE RATES) - INDEX FOR PRICE PAID, 2011","TOTAL","NOT SPECIFIED","107.1",""
"SURVEY","2016","APR","","NATIONAL","US TOTAL","","","","","","","","00000000","","PPITW","PPITW, (COMMODITIES, SERVICES, INTEREST, TAXES & WAGE RATES) - INDEX FOR PRICE PAID, 2011","TOTAL","NOT SPECIFIED","106.7",""
"SURVEY","2016","MAY","","NATIONAL","US TOTAL","","","","","","","","00000000","","PPITW","PPITW, (COMMODITIES, SERVICES, INTEREST, TAXES & WAGE RATES) - INDEX FOR PRICE PAID, 2011","TOTAL","NOT SPECIFIED","106.8",""
"SURVEY","2016","JUN","","NATIONAL","US TOTAL","","","","","","","","00000000","","PPITW","PPITW, (COMMODITIES, SERVICES, INTEREST, TAXES & WAGE RATES) - INDEX FOR PRICE PAID, 2011","TOTAL","NOT SPECIFIED","107.2",""
"SURVEY","2016","JUL","","NATIONAL","US TOTAL","","","","","","","","00000000","","PPITW","PPITW, (COMMODITIES, SERVICES, INTEREST, TAXES & WAGE RATES) - INDEX FOR PRICE PAID, 2011","TOTAL","NOT SPECIFIED","106.1",""
"SURVEY","2016","AUG","","NATIONAL","US TOTAL","","","","","","","","00000000","","PPITW","PPITW, (COMMODITIES, SERVICES, INTEREST, TAXES & WAGE RATES) - INDEX FOR PRICE PAID, 2011","TOTAL","NOT SPECIFIED","105.5",""
"SURVEY","2016","SEP","","NATIONAL","US TOTAL","","","","","","","","00000000","","PPITW","PPITW, (COMMODITIES, SERVICES, INTEREST, TAXES & WAGE RATES) - INDEX FOR PRICE PAID, 2011","TOTAL","NOT SPECIFIED","104.1",""
"SURVEY","2016","OCT","","NATIONAL","US TOTAL","","","","","","","","00000000","","PPITW","PPITW, (COMMODITIES, SERVICES, INTEREST, TAXES & WAGE RATES) - INDEX FOR PRICE PAID, 2011","TOTAL","NOT SPECIFIED","103.5",""
"SURVEY","2016","NOV","","NATIONAL","US TOTAL","","","","","","","","00000000","","PPITW","PPITW, (COMMODITIES, SERVICES, INTEREST, TAXES & WAGE RATES) - INDEX FOR PRICE PAID, 2011","TOTAL","NOT SPECIFIED","103.8",""
"SURVEY","2016","DEC","","NATIONAL","US TOTAL","","","","","","","","00000000","","PPITW","PPITW, (COMMODITIES, SERVICES, INTEREST, TAXES & WAGE RATES) - INDEX FOR PRICE PAID, 2011","TOTAL","NOT SPECIFIED","104.6",""
"SURVEY","2015","YEAR","","NATIONAL","US TOTAL","","","","","","","","00000000","","PPITW","PPITW, (COMMODITIES, SERVICES, INTEREST, TAXES & WAGE RATES) - INDEX FOR PRICE PAID, 2011","TOTAL","NOT SPECIFIED","110.7",""
"SURVEY","2015","JAN","","NATIONAL","US TOTAL","","","","","","","","00000000","","PPITW","PPITW, (COMMODITIES, SERVICES, INTEREST, TAXES & WAGE RATES) - INDEX FOR PRICE PAID, 2011","TOTAL","NOT SPECIFIED","112.2",""
"SURVEY","2015","FEB","","NATIONAL","US TOTAL","","","","","","","","00000000","","PPITW","PPITW, (COMMODITIES, SERVICES, INTEREST, TAXES & WAGE RATES) - INDEX FOR PRICE PAID, 2011","TOTAL","NOT SPECIFIED","111.8",""
"SURVEY","2015","MAR","","NATIONAL","US TOTAL","","","","","","","","00000000","","PPITW","PPITW, (COMMODITIES, SERVICES, INTEREST, TAXES & WAGE RATES) - INDEX FOR PRICE PAID, 2011","TOTAL","NOT SPECIFIED","112.2",""
"SURVEY","2015","APR","","NATIONAL","US TOTAL","","","","","","","","00000000","","PPITW","PPITW, (COMMODITIES, SERVICES, INTEREST, TAXES & WAGE RATES) - INDEX FOR PRICE PAID, 2011","TOTAL","NOT SPECIFIED","112",""
"SURVEY","2015","MAY","","NATIONAL","US TOTAL","","","","","","","","00000000","","PPITW","PPITW, (COMMODITIES, SERVICES, INTEREST, TAXES & WAGE RATES) - INDEX FOR PRICE PAID, 2011","TOTAL","NOT SPECIFIED","111.8",""
"SURVEY","2015","JUN","","NATIONAL","US TOTAL","","","","","","","","00000000","","PPITW","PPITW, (COMMODITIES, SERVICES, INTEREST, TAXES & WAGE RATES) - INDEX FOR PRICE PAID, 2011","TOTAL","NOT SPECIFIED","111.9",""
"SURVEY","2015","JUL","","NATIONAL","US TOTAL","","","","","","","","00000000","","PPITW","PPITW, (COMMODITIES, SERVICES, INTEREST, TAXES & WAGE RATES) - INDEX FOR PRICE PAID, 2011","TOTAL","NOT SPECIFIED","111.5",""
"SURVEY","2015","AUG","","NATIONAL","US TOTAL","","","","","","","","00000000","","PPITW","PPITW, (COMMODITIES, SERVICES, INTEREST, TAXES & WAGE RATES) - INDEX FOR PRICE PAID, 2011","TOTAL","NOT SPECIFIED","110.8",""
"SURVEY","2015","SEP","","NATIONAL","US TOTAL","","","","","","","","00000000","","PPITW","PPITW, (COMMODITIES, SERVICES, INTEREST, TAXES & WAGE RATES) - INDEX FOR PRICE PAID, 2011","TOTAL","NOT SPECIFIED","109.5",""
"SURVEY","2015","OCT","","NATIONAL","US TOTAL","","","","","","","","00000000","","PPITW","PPITW, (COMMODITIES, SERVICES, INTEREST, TAXES & WAGE RATES) - INDEX FOR PRICE PAID, 2011","TOTAL","NOT SPECIFIED","109.5",""
"SURVEY","2015","NOV","","NATIONAL","US TOTAL","","","","","","","","00000000","","PPITW","PPITW, (COMMODITIES, SERVICES, INTEREST, TAXES & WAGE RATES) - INDEX FOR PRICE PAID, 2011","TOTAL","NOT SPECIFIED","108.4",""
"SURVEY","2015","DEC","","NATIONAL","US TOTAL","","","","","","","","00000000","","PPITW","PPITW, (COMMODITIES, SERVICES, INTEREST, TAXES & WAGE RATES) - INDEX FOR PRICE PAID, 2011","TOTAL","NOT SPECIFIED","106.8",""
"SURVEY","2014","YEAR","","NATIONAL","US TOTAL","","","","","","","","00000000","","PPITW","PPITW, (COMMODITIES, SERVICES, INTEREST, TAXES & WAGE RATES) - INDEX FOR PRICE PAID, 2011","TOTAL","NOT SPECIFIED","112",""
"SURVEY","2014","JAN","","NATIONAL","US TOTAL","","","","","","","","00000000","","PPITW","PPITW, (COMMODITIES, SERVICES, INTEREST, TAXES & WAGE RATES) - INDEX FOR PRICE PAID, 2011","TOTAL","NOT SPECIFIED","109",""
"SURVEY","2014","FEB","","NATIONAL","US TOTAL","","","","","","","","00000000","","PPITW","PPITW, (COMMODITIES, SERVICES, INTEREST, TAXES & WAGE RATES) - INDEX FOR PRICE PAID, 2011","TOTAL","NOT SPECIFIED","109.6",""
"SURVEY","2014","MAR","","NATIONAL","US TOTAL","","","","","","","","00000000","","PPITW","PPITW, (COMMODITIES, SERVICES, INTEREST, TAXES & WAGE RATES) - INDEX FOR PRICE PAID, 2011","TOTAL","NOT SPECIFIED","110.7",""
"SURVEY","2014","APR","","NATIONAL","US TOTAL","","","","","","","","00000000","","PPITW","PPITW, (COMMODITIES, SERVICES, INTEREST, TAXES & WAGE RATES) - INDEX FOR PRICE PAID, 2011","TOTAL","NOT SPECIFIED","112.5",""
"SURVEY","2014","MAY","","NATIONAL","US TOTAL","","","","","","","","00000000","","PPITW","PPITW, (COMMODITIES, SERVICES, INTEREST, TAXES & WAGE RATES) - INDEX FOR PRICE PAID, 2011","TOTAL","NOT SPECIFIED","113.1",""
"SURVEY","2014","JUN","","NATIONAL","US TOTAL","","","","","","","","00000000","","PPITW","PPITW, (COMMODITIES, SERVICES, INTEREST, TAXES & WAGE RATES) - INDEX FOR PRICE PAID, 2011","TOTAL","NOT SPECIFIED","113.8",""
"SURVEY","2014","JUL","","NATIONAL","US TOTAL","","","","","","","","00000000","","PPITW","PPITW, (COMMODITIES, SERVICES, INTEREST, TAXES & WAGE RATES) - INDEX FOR PRICE PAID, 2011","TOTAL","NOT SPECIFIED","113.2",""
"SURVEY","2014","AUG","","NATIONAL","US TOTAL","","","","","","","","00000000","","PPITW","PPITW, (COMMODITIES, SERVICES, INTEREST, TAXES & WAGE RATES) - INDEX FOR PRICE PAID, 2011","TOTAL","NOT SPECIFIED","112.4",""
"SURVEY","2014","SEP","","NATIONAL","US TOTAL","","","","","","","","00000000","","PPITW","PPITW, (COMMODITIES, SERVICES, INTEREST, TAXES & WAGE RATES) - INDEX FOR PRICE PAID, 2011","TOTAL","NOT SPECIFIED","113.1",""
"SURVEY","2014","OCT","","NATIONAL","US TOTAL","","","","","","","","00000000","","PPITW","PPITW, (COMMODITIES, SERVICES, INTEREST, TAXES & WAGE RATES) - INDEX FOR PRICE PAID, 2011","TOTAL","NOT SPECIFIED","112.3",""
"SURVEY","2014","NOV","","NATIONAL","US TOTAL","","","","","","","","00000000","","PPITW","PPITW, (COMMODITIES, SERVICES, INTEREST, TAXES & WAGE RATES) - INDEX FOR PRICE PAID, 2011","TOTAL","NOT SPECIFIED","112.4",""
"SURVEY","2014","DEC","","NATIONAL","US TOTAL","","","","","","","","00000000","","PPITW","PPITW, (COMMODITIES, SERVICES, INTEREST, TAXES & WAGE RATES) - INDEX FOR PRICE PAID, 2011","TOTAL","NOT SPECIFIED","111.9",""
"SURVEY","2013","YEAR","","NATIONAL","US TOTAL","","","","","","","","00000000","","PPITW","PPITW, (COMMODITIES, SERVICES, INTEREST, TAXES & WAGE RATES) - INDEX FOR PRICE PAID, 2011","TOTAL","NOT SPECIFIED","106.3",""
"SURVEY","2013","JAN","","NATIONAL","US TOTAL","","","","","","","","00000000","","PPITW","PPITW, (COMMODITIES, SERVICES, INTEREST, TAXES & WAGE RATES) - INDEX FOR PRICE PAID, 2011","TOTAL","NOT SPECIFIED","106.1",""
"SURVEY","2013","FEB","","NATIONAL","US TOTAL","","","","","","","","00000000","","PPITW","PPITW, (COMMODITIES, SERVICES, INTEREST, TAXES & WAGE RATES) - INDEX FOR PRICE PAID, 2011","TOTAL","NOT SPECIFIED","106.4",""
"SURVEY","2013","MAR","","NATIONAL","US TOTAL","","","","","","","","00000000","","PPITW","PPITW, (COMMODITIES, SERVICES, INTEREST, TAXES & WAGE RATES) - INDEX FOR PRICE PAID, 2011","TOTAL","NOT SPECIFIED","106.4",""
"SURVEY","2013","APR","","NATIONAL","US TOTAL","","","","","","","","00000000","","PPITW","PPITW, (COMMODITIES, SERVICES, INTEREST, TAXES & WAGE RATES) - INDEX FOR PRICE PAID, 2011","TOTAL","NOT SPECIFIED","106.1",""
"SURVEY","2013","MAY","","NATIONAL","US TOTAL","","","","","","","","00000000","","PPITW","PPITW, (COMMODITIES, SERVICES, INTEREST, TAXES & WAGE RATES) - INDEX FOR PRICE PAID, 2011","TOTAL","NOT SPECIFIED","106.3",""
"SURVEY","2013","JUN","","NATIONAL","US TOTAL","","","","","","","","00000000","","PPITW","PPITW, (COMMODITIES, SERVICES, INTEREST, TAXES & WAGE RATES) - INDEX FOR PRICE PAID, 2011","TOTAL","NOT SPECIFIED","106.4",""
"SURVEY","2013","JUL","","NATIONAL","US TOTAL","","","","","","","","00000000","","PPITW","PPITW, (COMMODITIES, SERVICES, INTEREST, TAXES & WAGE RATES) - INDEX FOR PRICE PAID, 2011","TOTAL","NOT SPECIFIED","107.1",""
"SURVEY","2013","AUG","","NATIONAL","US TOTAL","","","","","","","","00000000","","PPITW","PPITW, (COMMODITIES, SERVICES, INTEREST, TAXES & WAGE RATES) - INDEX FOR PRICE PAID, 2011","TOTAL","NOT SPECIFIED","106",""
"SURVEY","2013","SEP","","NATIONAL","US TOTAL","","","","","","","","00000000","","PPITW","PPITW, (COMMODITIES, SERVICES, INTEREST, TAXES & WAGE RATES) - INDEX FOR PRICE PAID, 2011","TOTAL","NOT SPECIFIED","106.5",""
"SURVEY","2013","OCT","","NATIONAL","US TOTAL","","","","","","","","00000000","","PPITW","PPITW, (COMMODITIES, SERVICES, INTEREST, TAXES & WAGE RATES) - INDEX FOR PRICE PAID, 2011","TOTAL","NOT SPECIFIED","106.1",""
"SURVEY","2013","NOV","","NATIONAL","US TOTAL","","","","","","","","00000000","","PPITW","PPITW, (COMMODITIES, SERVICES, INTEREST, TAXES & WAGE RATES) - INDEX FOR PRICE PAID, 2011","TOTAL","NOT SPECIFIED","105.8",""
"SURVEY","2013","DEC","","NATIONAL","US TOTAL","","","","","","","","00000000","","PPITW","PPITW, (COMMODITIES, SERVICES, INTEREST, TAXES & WAGE RATES) - INDEX FOR PRICE PAID, 2011","TOTAL","NOT SPECIFIED","106.3",""
"SURVEY","2012","YEAR","","NATIONAL","US TOTAL","","","","","","","","00000000","","PPITW","PPITW, (COMMODITIES, SERVICES, INTEREST, TAXES & WAGE RATES) - INDEX FOR PRICE PAID, 2011","TOTAL","NOT SPECIFIED","104.4",""
"SURVEY","2012","JAN","","NATIONAL","US TOTAL","","","","","","","","00000000","","PPITW","PPITW, (COMMODITIES, SERVICES, INTEREST, TAXES & WAGE RATES) - INDEX FOR PRICE PAID, 2011","TOTAL","NOT SPECIFIED","102.2",""
"SURVEY","2012","FEB","","NATIONAL","US TOTAL","","","","","","","","00000000","","PPITW","PPITW, (COMMODITIES, SERVICES, INTEREST, TAXES & WAGE RATES) - INDEX FOR PRICE PAID, 2011","TOTAL","NOT SPECIFIED","102.8",""
"SURVEY","2012","MAR","","NATIONAL","US TOTAL","","","","","","","","00000000","","PPITW","PPITW, (COMMODITIES, SERVICES, INTEREST, TAXES & WAGE RATES) - INDEX FOR PRICE PAID, 2011","TOTAL","NOT SPECIFIED","104.5",""
"SURVEY","2012","APR","","NATIONAL","US TOTAL","","","","","","","","00000000","","PPITW","PPITW, (COMMODITIES, SERVICES, INTEREST, TAXES & WAGE RATES) - INDEX FOR PRICE PAID, 2011","TOTAL","NOT SPECIFIED","104.2",""
"SURVEY","2012","MAY","","NATIONAL","US TOTAL","","","","","","","","00000000","","PPITW","PPITW, (COMMODITIES, SERVICES, INTEREST, TAXES & WAGE RATES) - INDEX FOR PRICE PAID, 2011","TOTAL","NOT SPECIFIED","104.2",""
"SURVEY","2012","JUN","","NATIONAL","US TOTAL","","","","","","","","00000000","","PPITW","PPITW, (COMMODITIES, SERVICES, INTEREST, TAXES & WAGE RATES) - INDEX FOR PRICE PAID, 2011","TOTAL","NOT SPECIFIED","104",""
"SURVEY","2012","JUL","","NATIONAL","US TOTAL","","","","","","","","00000000","","PPITW","PPITW, (COMMODITIES, SERVICES, INTEREST, TAXES & WAGE RATES) - INDEX FOR PRICE PAID, 2011","TOTAL","NOT SPECIFIED","103.6",""
"SURVEY","2012","AUG","","NATIONAL","US TOTAL","","","","","","","","00000000","","PPITW","PPITW, (COMMODITIES, SERVICES, INTEREST, TAXES & WAGE RATES) - INDEX FOR PRICE PAID, 2011","TOTAL","NOT SPECIFIED","105",""
"SURVEY","2012","SEP","","NATIONAL","US TOTAL","","","","","","","","00000000","","PPITW","PPITW, (COMMODITIES, SERVICES, INTEREST, TAXES & WAGE RATES) - INDEX FOR PRICE PAID, 2011","TOTAL","NOT SPECIFIED","105.5",""
"SURVEY","2012","OCT","","NATIONAL","US TOTAL","","","","","","","","00000000","","PPITW","PPITW, (COMMODITIES, SERVICES, INTEREST, TAXES & WAGE RATES) - INDEX FOR PRICE PAID, 2011","TOTAL","NOT SPECIFIED","105.7",""
"SURVEY","2012","NOV","","NATIONAL","US TOTAL","","","","","","","","00000000","","PPITW","PPITW, (COMMODITIES, SERVICES, INTEREST, TAXES & WAGE RATES) - INDEX FOR PRICE PAID, 2011","TOTAL","NOT SPECIFIED","105.4",""
"SURVEY","2012","DEC","","NATIONAL","US TOTAL","","","","","","","","00000000","","PPITW","PPITW, (COMMODITIES, SERVICES, INTEREST, TAXES & WAGE RATES) - INDEX FOR PRICE PAID, 2011","TOTAL","NOT SPECIFIED","105.5",""
"SURVEY","2011","YEAR","","NATIONAL","US TOTAL","","","","","","","","00000000","","PPITW","PPITW, (COMMODITIES, SERVICES, INTEREST, TAXES & WAGE RATES) - INDEX FOR PRICE PAID, 2011","TOTAL","NOT SPECIFIED","100",""
"SURVEY","2011","JAN","","NATIONAL","US TOTAL","","","","","","","","00000000","","PPITW","PPITW, (COMMODITIES, SERVICES, INTEREST, TAXES & WAGE RATES) - INDEX FOR PRICE PAID, 2011","TOTAL","NOT SPECIFIED","96.1",""
"SURVEY","2011","FEB","","NATIONAL","US TOTAL","","","","","","","","00000000","","PPITW","PPITW, (COMMODITIES, SERVICES, INTEREST, TAXES & WAGE RATES) - INDEX FOR PRICE PAID, 2011","TOTAL","NOT SPECIFIED","97.2",""
"SURVEY","2011","MAR","","NATIONAL","US TOTAL","","","","","","","","00000000","","PPITW","PPITW, (COMMODITIES, SERVICES, INTEREST, TAXES & WAGE RATES) - INDEX FOR PRICE PAID, 2011","TOTAL","NOT SPECIFIED","99",""
"SURVEY","2011","APR","","NATIONAL","US TOTAL","","","","","","","","00000000","","PPITW","PPITW, (COMMODITIES, SERVICES, INTEREST, TAXES & WAGE RATES) - INDEX FOR PRICE PAID, 2011","TOTAL","NOT SPECIFIED","100.1",""
"SURVEY","2011","MAY","","NATIONAL","US TOTAL","","","","","","","","00000000","","PPITW","PPITW, (COMMODITIES, SERVICES, INTEREST, TAXES & WAGE RATES) - INDEX FOR PRICE PAID, 2011","TOTAL","NOT SPECIFIED","100.4",""
"SURVEY","2011","JUN","","NATIONAL","US TOTAL","","","","","","","","00000000","","PPITW","PPITW, (COMMODITIES, SERVICES, INTEREST, TAXES & WAGE RATES) - INDEX FOR PRICE PAID, 2011","TOTAL","NOT SPECIFIED","100.3",""
"SURVEY","2011","JUL","","NATIONAL","US TOTAL","","","","","","","","00000000","","PPITW","PPITW, (COMMODITIES, SERVICES, INTEREST, TAXES & WAGE RATES) - INDEX FOR PRICE PAID, 2011","TOTAL","NOT SPECIFIED","100.7",""
"SURVEY","2011","AUG","","NATIONAL","US TOTAL","","","","","","","","00000000","","PPITW","PPITW, (COMMODITIES, SERVICES, INTEREST, TAXES & WAGE RATES) - INDEX FOR PRICE PAID, 2011","TOTAL","NOT SPECIFIED","100.9",""
"SURVEY","2011","SEP","","NATIONAL","US TOTAL","","","","","","","","00000000","","PPITW","PPITW, (COMMODITIES, SERVICES, INTEREST, TAXES & WAGE RATES) - INDEX FOR PRICE PAID, 2011","TOTAL","NOT SPECIFIED","101.1",""
"SURVEY","2011","OCT","","NATIONAL","US TOTAL","","","","","","","","00000000","","PPITW","PPITW, (COMMODITIES, SERVICES, INTEREST, TAXES & WAGE RATES) - INDEX FOR PRICE PAID, 2011","TOTAL","NOT SPECIFIED","101.1",""
"SURVEY","2011","NOV","","NATIONAL","US TOTAL","","","","","","","","00000000","","PPITW","PPITW, (COMMODITIES, SERVICES, INTEREST, TAXES & WAGE RATES) - INDEX FOR PRICE PAID, 2011","TOTAL","NOT SPECIFIED","101.6",""
"SURVEY","2011","DEC","","NATIONAL","US TOTAL","","","","","","","","00000000","","PPITW","PPITW, (COMMODITIES, SERVICES, INTEREST, TAXES & WAGE RATES) - INDEX FOR PRICE PAID, 2011","TOTAL","NOT SPECIFIED","101.3",""
"SURVEY","2010","YEAR","","NATIONAL","US TOTAL","","","","","","","","00000000","","PPITW","PPITW, (COMMODITIES, SERVICES, INTEREST, TAXES & WAGE RATES) - INDEX FOR PRICE PAID, 2011","TOTAL","NOT SPECIFIED","90",""
"SURVEY","2010","JAN","","NATIONAL","US TOTAL","","","","","","","","00000000","","PPITW","PPITW, (COMMODITIES, SERVICES, INTEREST, TAXES & WAGE RATES) - INDEX FOR PRICE PAID, 2011","TOTAL","NOT SPECIFIED","88.8",""
"SURVEY","2010","FEB","","NATIONAL","US TOTAL","","","","","","","","00000000","","PPITW","PPITW, (COMMODITIES, SERVICES, INTEREST, TAXES & WAGE RATES) - INDEX FOR PRICE PAID, 2011","TOTAL","NOT SPECIFIED","88.5",""
"SURVEY","2010","MAR","","NATIONAL","US TOTAL","","","","","","","","00000000","","PPITW","PPITW, (COMMODITIES, SERVICES, INTEREST, TAXES & WAGE RATES) - INDEX FOR PRICE PAID, 2011","TOTAL","NOT SPECIFIED","89",""
"SURVEY","2010","APR","","NATIONAL","US TOTAL","","","","","","","","00000000","","PPITW","PPITW, (COMMODITIES, SERVICES, INTEREST, TAXES & WAGE RATES) - INDEX FOR PRICE PAID, 2011","TOTAL","NOT SPECIFIED","89.5",""
"SURVEY","2010","MAY","","NATIONAL","US TOTAL","","","","","","","","00000000","","PPITW","PPITW, (COMMODITIES, SERVICES, INTEREST, TAXES & WAGE RATES) - INDEX FOR PRICE PAID, 2011","TOTAL","NOT SPECIFIED","89.6",""
"SURVEY","2010","JUN","","NATIONAL","US TOTAL","","","","","","","","00000000","","PPITW","PPITW, (COMMODITIES, SERVICES, INTEREST, TAXES & WAGE RATES) - INDEX FOR PRICE PAID, 2011","TOTAL","NOT SPECIFIED","89.1",""
"SURVEY","2010","JUL","","NATIONAL","US TOTAL","","","","","","","","00000000","","PPITW","PPITW, (COMMODITIES, SERVICES, INTEREST, TAXES & WAGE RATES) - INDEX FOR PRICE PAID, 2011","TOTAL","NOT SPECIFIED","89.2",""
"SURVEY","2010","AUG","","NATIONAL","US TOTAL","","","","","","","","00000000","","PPITW","PPITW, (COMMODITIES, SERVICES, INTEREST, TAXES & WAGE RATES) - INDEX FOR PRICE PAID, 2011","TOTAL","NOT SPECIFIED","89.4",""
"SURVEY","2010","SEP","","NATIONAL","US TOTAL","","","","","","","","00000000","","PPITW","PPITW, (COMMODITIES, SERVICES, INTEREST, TAXES & WAGE RATES) - INDEX FOR PRICE PAID, 2011","TOTAL","NOT SPECIFIED","89.9",""
"SURVEY","2010","OCT","","NATIONAL","US TOTAL","","","","","","","","00000000","","PPITW","PPITW, (COMMODITIES, SERVICES, INTEREST, TAXES & WAGE RATES) - INDEX FOR PRICE PAID, 2011","TOTAL","NOT SPECIFIED","91.1",""
"SURVEY","2010","NOV","","NATIONAL","US TOTAL","","","","","","","","00000000","","PPITW","PPITW, (COMMODITIES, SERVICES, INTEREST, TAXES & WAGE RATES) - INDEX FOR PRICE PAID, 2011","TOTAL","NOT SPECIFIED","92.1",""
"SURVEY","2010","DEC","","NATIONAL","US TOTAL","","","","","","","","00000000","","PPITW","PPITW, (COMMODITIES, SERVICES, INTEREST, TAXES & WAGE RATES) - INDEX FOR PRICE PAID, 2011","TOTAL","NOT SPECIFIED","93.2",""
"SURVEY","2009","YEAR","","NATIONAL","US TOTAL","","","","","","","","00000000","","PPITW","PPITW, (COMMODITIES, SERVICES, INTEREST, TAXES & WAGE RATES) - INDEX FOR PRICE PAID, 2011","TOTAL","NOT SPECIFIED","87.3",""
"SURVEY","2009","JAN","","NATIONAL","US TOTAL","","","","","","","","00000000","","PPITW","PPITW, (COMMODITIES, SERVICES, INTEREST, TAXES & WAGE RATES) - INDEX FOR PRICE PAID, 2011","TOTAL","NOT SPECIFIED","88",""
"SURVEY","2009","FEB","","NATIONAL","US TOTAL","","","","","","","","00000000","","PPITW","PPITW, (COMMODITIES, SERVICES, INTEREST, TAXES & WAGE RATES) - INDEX FOR PRICE PAID, 2011","TOTAL","NOT SPECIFIED","87.5",""
"SURVEY","2009","MAR","","NATIONAL","US TOTAL","","","","","","","","00000000","","PPITW","PPITW, (COMMODITIES, SERVICES, INTEREST, TAXES & WAGE RATES) - INDEX FOR PRICE PAID, 2011","TOTAL","NOT SPECIFIED","87.8",""
"SURVEY","2009","APR","","NATIONAL","US TOTAL","","","","","","","","00000000","","PPITW","PPITW, (COMMODITIES, SERVICES, INTEREST, TAXES & WAGE RATES) - INDEX FOR PRICE PAID, 2011","TOTAL","NOT SPECIFIED","88.2",""
"SURVEY","2009","MAY","","NATIONAL","US TOTAL","","","","","","","","00000000","","PPITW","PPITW, (COMMODITIES, SERVICES, INTEREST, TAXES & WAGE RATES) - INDEX FOR PRICE PAID, 2011","TOTAL","NOT SPECIFIED","88.1",""
"SURVEY","2009","JUN","","NATIONAL","US TOTAL","","","","","","","","00000000","","PPITW","PPITW, (COMMODITIES, SERVICES, INTEREST, TAXES & WAGE RATES) - INDEX FOR PRICE PAID, 2011","TOTAL","NOT SPECIFIED","88",""
"SURVEY","2009","JUL","","NATIONAL","US TOTAL","","","","","","","","00000000","","PPITW","PPITW, (COMMODITIES, SERVICES, INTEREST, TAXES & WAGE RATES) - INDEX FOR PRICE PAID, 2011","TOTAL","NOT SPECIFIED","87.2",""
"SURVEY","2009","AUG","","NATIONAL","US TOTAL","","","","","","","","00000000","","PPITW","PPITW, (COMMODITIES, SERVICES, INTEREST, TAXES & WAGE RATES) - INDEX FOR PRICE PAID, 2011","TOTAL","NOT SPECIFIED","86.5",""
"SURVEY","2009","SEP","","NATIONAL","US TOTAL","","","","","","","","00000000","","PPITW","PPITW, (COMMODITIES, SERVICES, INTEREST, TAXES & WAGE RATES) - INDEX FOR PRICE PAID, 2011","TOTAL","NOT SPECIFIED","86.2",""
"SURVEY","2009","OCT","","NATIONAL","US TOTAL","","","","","","","","00000000","","PPITW","PPITW, (COMMODITIES, SERVICES, INTEREST, TAXES & WAGE RATES) - INDEX FOR PRICE PAID, 2011","TOTAL","NOT SPECIFIED","86.5",""
"SURVEY","2009","NOV","","NATIONAL","US TOTAL","","","","","","","","00000000","","PPITW","PPITW, (COMMODITIES, SERVICES, INTEREST, TAXES & WAGE RATES) - INDEX FOR PRICE PAID, 2011","TOTAL","NOT SPECIFIED","87",""
"SURVEY","2009","DEC","","NATIONAL","US TOTAL","","","","","","","","00000000","","PPITW","PPITW, (COMMODITIES, SERVICES, INTEREST, TAXES & WAGE RATES) - INDEX FOR PRICE PAID, 2011","TOTAL","NOT SPECIFIED","87.1",""
"SURVEY","2008","YEAR","","NATIONAL","US TOTAL","","","","","","","","00000000","","PPITW","PPITW, (COMMODITIES, SERVICES, INTEREST, TAXES & WAGE RATES) - INDEX FOR PRICE PAID, 2011","TOTAL","NOT SPECIFIED","90",""
"SURVEY","2008","JAN","","NATIONAL","US TOTAL","","","","","","","","00000000","","PPITW","PPITW, (COMMODITIES, SERVICES, INTEREST, TAXES & WAGE RATES) - INDEX FOR PRICE PAID, 2011","TOTAL","NOT SPECIFIED","83.6",""
"SURVEY","2008","FEB","","NATIONAL","US TOTAL","","","","","","","","00000000","","PPITW","PPITW, (COMMODITIES, SERVICES, INTEREST, TAXES & WAGE RATES) - INDEX FOR PRICE PAID, 2011","TOTAL","NOT SPECIFIED","84.7",""
"SURVEY","2008","MAR","","NATIONAL","US TOTAL","","","","","","","","00000000","","PPITW","PPITW, (COMMODITIES, SERVICES, INTEREST, TAXES & WAGE RATES) - INDEX FOR PRICE PAID, 2011","TOTAL","NOT SPECIFIED","86.2",""
"SURVEY","2008","APR","","NATIONAL","US TOTAL","","","","","","","","00000000","","PPITW","PPITW, (COMMODITIES, SERVICES, INTEREST, TAXES & WAGE RATES) - INDEX FOR PRICE PAID, 2011","TOTAL","NOT SPECIFIED","88.5",""
"SURVEY","2008","MAY","","NATIONAL","US TOTAL","","","","","","","","00000000","","PPITW","PPITW, (COMMODITIES, SERVICES, INTEREST, TAXES & WAGE RATES) - INDEX FOR PRICE PAID, 2011","TOTAL","NOT SPECIFIED","90.7",""
"SURVEY","2008","JUN","","NATIONAL","US TOTAL","","","","","","","","00000000","","PPITW","PPITW, (COMMODITIES, SERVICES, INTEREST, TAXES & WAGE RATES) - INDEX FOR PRICE PAID, 2011","TOTAL","NOT SPECIFIED","92.6",""
"SURVEY","2008","JUL","","NATIONAL","US TOTAL","","","","","","","","00000000","","PPITW","PPITW, (COMMODITIES, SERVICES, INTEREST, TAXES & WAGE RATES) - INDEX FOR PRICE PAID, 2011","TOTAL","NOT SPECIFIED","94.5",""
"SURVEY","2008","AUG","","NATIONAL","US TOTAL","","","","","","","","00000000","","PPITW","PPITW, (COMMODITIES, SERVICES, INTEREST, TAXES & WAGE RATES) - INDEX FOR PRICE PAID, 2011","TOTAL","NOT SPECIFIED","94.7",""
"SURVEY","2008","SEP","","NATIONAL","US TOTAL","","","","","","","","00000000","","PPITW","PPITW, (COMMODITIES, SERVICES, INTEREST, TAXES & WAGE RATES) - INDEX FOR PRICE PAID, 2011","TOTAL","NOT SPECIFIED","94.2",""
"SURVEY","2008","OCT","","NATIONAL","US TOTAL","","","","","","","","00000000","","PPITW","PPITW, (COMMODITIES, SERVICES, INTEREST, TAXES & WAGE RATES) - INDEX FOR PRICE PAID, 2011","TOTAL","NOT SPECIFIED","92.3",""
"SURVEY","2008","NOV","","NATIONAL","US TOTAL","","","","","","","","00000000","","PPITW","PPITW, (COMMODITIES, SERVICES, INTEREST, TAXES & WAGE RATES) - INDEX FOR PRICE PAID, 2011","TOTAL","NOT SPECIFIED","89.9",""
"SURVEY","2008","DEC","","NATIONAL","US TOTAL","","","","","","","","00000000","","PPITW","PPITW, (COMMODITIES, SERVICES, INTEREST, TAXES & WAGE RATES) - INDEX FOR PRICE PAID, 2011","TOTAL","NOT SPECIFIED","87.9",""
"SURVEY","2007","YEAR","","NATIONAL","US TOTAL","","","","","","","","00000000","","PPITW","PPITW, (COMMODITIES, SERVICES, INTEREST, TAXES & WAGE RATES) - INDEX FOR PRICE PAID, 2011","TOTAL","NOT SPECIFIED","79",""
"SURVEY","2007","JAN","","NATIONAL","US TOTAL","","","","","","","","00000000","","PPITW","PPITW, (COMMODITIES, SERVICES, INTEREST, TAXES & WAGE RATES) - INDEX FOR PRICE PAID, 2011","TOTAL","NOT SPECIFIED","76",""
"SURVEY","2007","FEB","","NATIONAL","US TOTAL","","","","","","","","00000000","","PPITW","PPITW, (COMMODITIES, SERVICES, INTEREST, TAXES & WAGE RATES) - INDEX FOR PRICE PAID, 2011","TOTAL","NOT SPECIFIED","76.9",""
"SURVEY","2007","MAR","","NATIONAL","US TOTAL","","","","","","","","00000000","","PPITW","PPITW, (COMMODITIES, SERVICES, INTEREST, TAXES & WAGE RATES) - INDEX FOR PRICE PAID, 2011","TOTAL","NOT SPECIFIED","77.9",""
"SURVEY","2007","APR","","NATIONAL","US TOTAL","","","","","","","","00000000","","PPITW","PPITW, (COMMODITIES, SERVICES, INTEREST, TAXES & WAGE RATES) - INDEX FOR PRICE PAID, 2011","TOTAL","NOT SPECIFIED","78.7",""
"SURVEY","2007","MAY","","NATIONAL","US TOTAL","","","","","","","","00000000","","PPITW","PPITW, (COMMODITIES, SERVICES, INTEREST, TAXES & WAGE RATES) - INDEX FOR PRICE PAID, 2011","TOTAL","NOT SPECIFIED","78.8",""
"SURVEY","2007","JUN","","NATIONAL","US TOTAL","","","","","","","","00000000","","PPITW","PPITW, (COMMODITIES, SERVICES, INTEREST, TAXES & WAGE RATES) - INDEX FOR PRICE PAID, 2011","TOTAL","NOT SPECIFIED","79",""
"SURVEY","2007","JUL","","NATIONAL","US TOTAL","","","","","","","","00000000","","PPITW","PPITW, (COMMODITIES, SERVICES, INTEREST, TAXES & WAGE RATES) - INDEX FOR PRICE PAID, 2011","TOTAL","NOT SPECIFIED","79.3",""
"SURVEY","2007","AUG","","NATIONAL","US TOTAL","","","","","","","","00000000","","PPITW","PPITW, (COMMODITIES, SERVICES, INTEREST, TAXES & WAGE RATES) - INDEX FOR PRICE PAID, 2011","TOTAL","NOT SPECIFIED","79.2",""
"SURVEY","2007","SEP","","NATIONAL","US TOTAL","","","","","","","","00000000","","PPITW","PPITW, (COMMODITIES, SERVICES, INTEREST, TAXES & WAGE RATES) - INDEX FOR PRICE PAID, 2011","TOTAL","NOT SPECIFIED","79.5",""
"SURVEY","2007","OCT","","NATIONAL","US TOTAL","","","","","","","","00000000","","PPITW","PPITW, (COMMODITIES, SERVICES, INTEREST, TAXES & WAGE RATES) - INDEX FOR PRICE PAID, 2011","TOTAL","NOT SPECIFIED","80.2",""
"SURVEY","2007","NOV","","NATIONAL","US TOTAL","","","","","","","","00000000","","PPITW","PPITW, (COMMODITIES, SERVICES, INTEREST, TAXES & WAGE RATES) - INDEX FOR PRICE PAID, 2011","TOTAL","NOT SPECIFIED","81.1",""
"SURVEY","2007","DEC","","NATIONAL","US TOTAL","","","","","","","","00000000","","PPITW","PPITW, (COMMODITIES, SERVICES, INTEREST, TAXES & WAGE RATES) - INDEX FOR PRICE PAID, 2011","TOTAL","NOT SPECIFIED","81.6",""
"SURVEY","2006","YEAR","","NATIONAL","US TOTAL","","","","","","","","00000000","","PPITW","PPITW, (COMMODITIES, SERVICES, INTEREST, TAXES & WAGE RATES) - INDEX FOR PRICE PAID, 2011","TOTAL","NOT SPECIFIED","73.9",""
"SURVEY","2006","JAN","","NATIONAL","US TOTAL","","","","","","","","00000000","","PPITW","PPITW, (COMMODITIES, SERVICES, INTEREST, TAXES & WAGE RATES) - INDEX FOR PRICE PAID, 2011","TOTAL","NOT SPECIFIED","73.5",""
"SURVEY","2006","FEB","","NATIONAL","US TOTAL","","","","","","","","00000000","","PPITW","PPITW, (COMMODITIES, SERVICES, INTEREST, TAXES & WAGE RATES) - INDEX FOR PRICE PAID, 2011","TOTAL","NOT SPECIFIED","73.3",""
"SURVEY","2006","MAR","","NATIONAL","US TOTAL","","","","","","","","00000000","","PPITW","PPITW, (COMMODITIES, SERVICES, INTEREST, TAXES & WAGE RATES) - INDEX FOR PRICE PAID, 2011","TOTAL","NOT SPECIFIED","73.4",""
"SURVEY","2006","APR","","NATIONAL","US TOTAL","","","","","","","","00000000","","PPITW","PPITW, (COMMODITIES, SERVICES, INTEREST, TAXES & WAGE RATES) - INDEX FOR PRICE PAID, 2011","TOTAL","NOT SPECIFIED","73.8",""
"SURVEY","2006","MAY","","NATIONAL","US TOTAL","","","","","","","","00000000","","PPITW","PPITW, (COMMODITIES, SERVICES, INTEREST, TAXES & WAGE RATES) - INDEX FOR PRICE PAID, 2011","TOTAL","NOT SPECIFIED","73.9",""
"SURVEY","2006","JUN","","NATIONAL","US TOTAL","","","","","","","","00000000","","PPITW","PPITW, (COMMODITIES, SERVICES, INTEREST, TAXES & WAGE RATES) - INDEX FOR PRICE PAID, 2011","TOTAL","NOT SPECIFIED","74.1",""
"SURVEY","2006","JUL","","NATIONAL","US TOTAL","","","","","","","","00000000","","PPITW","PPITW, (COMMODITIES, SERVICES, INTEREST, TAXES & WAGE RATES) - INDEX FOR PRICE PAID, 2011","TOTAL","NOT SPECIFIED","74.2",""
"SURVEY","2006","AUG","","NATIONAL","US TOTAL","","","","","","","","00000000","","PPITW","PPITW, (COMMODITIES, SERVICES, INTEREST, TAXES & WAGE RATES) - INDEX FOR PRICE PAID, 2011","TOTAL","NOT SPECIFIED","74.3",""
"SURVEY","2006","SEP","","NATIONAL","US TOTAL","","","","","","","","00000000","","PPITW","PPITW, (COMMODITIES, SERVICES, INTEREST, TAXES & WAGE RATES) - INDEX FOR PRICE PAID, 2011","TOTAL","NOT SPECIFIED","73.9",""
"SURVEY","2006","OCT","","NATIONAL","US TOTAL","","","","","","","","00000000","","PPITW","PPITW, (COMMODITIES, SERVICES, INTEREST, TAXES & WAGE RATES) - INDEX FOR PRICE PAID, 2011","TOTAL","NOT SPECIFIED","73.6",""
"SURVEY","2006","NOV","","NATIONAL","US TOTAL","","","","","","","","00000000","","PPITW","PPITW, (COMMODITIES, SERVICES, INTEREST, TAXES & WAGE RATES) - INDEX FOR PRICE PAID, 2011","TOTAL","NOT SPECIFIED","73.8",""
"SURVEY","2006","DEC","","NATIONAL","US TOTAL","","","","","","","","00000000","","PPITW","PPITW, (COMMODITIES, SERVICES, INTEREST, TAXES & WAGE RATES) - INDEX FOR PRICE PAID, 2011","TOTAL","NOT SPECIFIED","74.4",""
"SURVEY","2005","YEAR","","NATIONAL","US TOTAL","","","","","","","","00000000","","PPITW","PPITW, (COMMODITIES, SERVICES, INTEREST, TAXES & WAGE RATES) - INDEX FOR PRICE PAID, 2011","TOTAL","NOT SPECIFIED","69.9",""
"SURVEY","2005","JAN","","NATIONAL","US TOTAL","","","","","","","","00000000","","PPITW","PPITW, (COMMODITIES, SERVICES, INTEREST, TAXES & WAGE RATES) - INDEX FOR PRICE PAID, 2011","TOTAL","NOT SPECIFIED","68.1",""
"SURVEY","2005","FEB","","NATIONAL","US TOTAL","","","","","","","","00000000","","PPITW","PPITW, (COMMODITIES, SERVICES, INTEREST, TAXES & WAGE RATES) - INDEX FOR PRICE PAID, 2011","TOTAL","NOT SPECIFIED","68.2",""
"SURVEY","2005","MAR","","NATIONAL","US TOTAL","","","","","","","","00000000","","PPITW","PPITW, (COMMODITIES, SERVICES, INTEREST, TAXES & WAGE RATES) - INDEX FOR PRICE PAID, 2011","TOTAL","NOT SPECIFIED","69",""
"SURVEY","2005","APR","","NATIONAL","US TOTAL","","","","","","","","00000000","","PPITW","PPITW, (COMMODITIES, SERVICES, INTEREST, TAXES & WAGE RATES) - INDEX FOR PRICE PAID, 2011","TOTAL","NOT SPECIFIED","69.5",""
"SURVEY","2005","MAY","","NATIONAL","US TOTAL","","","","","","","","00000000","","PPITW","PPITW, (COMMODITIES, SERVICES, INTEREST, TAXES & WAGE RATES) - INDEX FOR PRICE PAID, 2011","TOTAL","NOT SPECIFIED","69.5",""
"SURVEY","2005","JUN","","NATIONAL","US TOTAL","","","","","","","","00000000","","PPITW","PPITW, (COMMODITIES, SERVICES, INTEREST, TAXES & WAGE RATES) - INDEX FOR PRICE PAID, 2011","TOTAL","NOT SPECIFIED","69.7",""
"SURVEY","2005","JUL","","NATIONAL","US TOTAL","","","","","","","","00000000","","PPITW","PPITW, (COMMODITIES, SERVICES, INTEREST, TAXES & WAGE RATES) - INDEX FOR PRICE PAID, 2011","TOTAL","NOT SPECIFIED","69.8",""
"SURVEY","2005","AUG","","NATIONAL","US TOTAL","","","","","","","","00000000","","PPITW","PPITW, (COMMODITIES, SERVICES, INTEREST, TAXES & WAGE RATES) - INDEX FOR PRICE PAID, 2011","TOTAL","NOT SPECIFIED","70.2",""
"SURVEY","2005","SEP","","NATIONAL","US TOTAL","","","","","","","","00000000","","PPITW","PPITW, (COMMODITIES, SERVICES, INTEREST, TAXES & WAGE RATES) - INDEX FOR PRICE PAID, 2011","TOTAL","NOT SPECIFIED","71",""
"SURVEY","2005","OCT","","NATIONAL","US TOTAL","","","","","","","","00000000","","PPITW","PPITW, (COMMODITIES, SERVICES, INTEREST, TAXES & WAGE RATES) - INDEX FOR PRICE PAID, 2011","TOTAL","NOT SPECIFIED","71.6",""
"SURVEY","2005","NOV","","NATIONAL","US TOTAL","","","","","","","","00000000","","PPITW","PPITW, (COMMODITIES, SERVICES, INTEREST, TAXES & WAGE RATES) - INDEX FOR PRICE PAID, 2011","TOTAL","NOT SPECIFIED","71",""
"SURVEY","2005","DEC","","NATIONAL","US TOTAL","","","","","","","","00000000","","PPITW","PPITW, (COMMODITIES, SERVICES, INTEREST, TAXES & WAGE RATES) - INDEX FOR PRICE PAID, 2011","TOTAL","NOT SPECIFIED","71.1",""
"SURVEY","2004","YEAR","","NATIONAL","US TOTAL","","","","","","","","00000000","","PPITW","PPITW, (COMMODITIES, SERVICES, INTEREST, TAXES & WAGE RATES) - INDEX FOR PRICE PAID, 2011","TOTAL","NOT SPECIFIED","66",""
"SURVEY","2004","JAN","","NATIONAL","US TOTAL","","","","","","","","00000000","","PPITW","PPITW, (COMMODITIES, SERVICES, INTEREST, TAXES & WAGE RATES) - INDEX FOR PRICE PAID, 2011","TOTAL","NOT SPECIFIED","64.4",""
"SURVEY","2004","FEB","","NATIONAL","US TOTAL","","","","","","","","00000000","","PPITW","PPITW, (COMMODITIES, SERVICES, INTEREST, TAXES & WAGE RATES) - INDEX FOR PRICE PAID, 2011","TOTAL","NOT SPECIFIED","64.6",""
"SURVEY","2004","MAR","","NATIONAL","US TOTAL","","","","","","","","00000000","","PPITW","PPITW, (COMMODITIES, SERVICES, INTEREST, TAXES & WAGE RATES) - INDEX FOR PRICE PAID, 2011","TOTAL","NOT SPECIFIED","65.2",""
"SURVEY","2004","APR","","NATIONAL","US TOTAL","","","","","","","","00000000","","PPITW","PPITW, (COMMODITIES, SERVICES, INTEREST, TAXES & WAGE RATES) - INDEX FOR PRICE PAID, 2011","TOTAL","NOT SPECIFIED","65.9",""
"SURVEY","2004","MAY","","NATIONAL","US TOTAL","","","","","","","","00000000","","PPITW","PPITW, (COMMODITIES, SERVICES, INTEREST, TAXES & WAGE RATES) - INDEX FOR PRICE PAID, 2011","TOTAL","NOT SPECIFIED","66.5",""
"SURVEY","2004","JUN","","NATIONAL","US TOTAL","","","","","","","","00000000","","PPITW","PPITW, (COMMODITIES, SERVICES, INTEREST, TAXES & WAGE RATES) - INDEX FOR PRICE PAID, 2011","TOTAL","NOT SPECIFIED","66.6",""
"SURVEY","2004","JUL","","NATIONAL","US TOTAL","","","","","","","","00000000","","PPITW","PPITW, (COMMODITIES, SERVICES, INTEREST, TAXES & WAGE RATES) - INDEX FOR PRICE PAID, 2011","TOTAL","NOT SPECIFIED","66.6",""
"SURVEY","2004","AUG","","NATIONAL","US TOTAL","","","","","","","","00000000","","PPITW","PPITW, (COMMODITIES, SERVICES, INTEREST, TAXES & WAGE RATES) - INDEX FOR PRICE PAID, 2011","TOTAL","NOT SPECIFIED","66.4",""
"SURVEY","2004","SEP","","NATIONAL","US TOTAL","","","","","","","","00000000","","PPITW","PPITW, (COMMODITIES, SERVICES, INTEREST, TAXES & WAGE RATES) - INDEX FOR PRICE PAID, 2011","TOTAL","NOT SPECIFIED","66.4",""
"SURVEY","2004","OCT","","NATIONAL","US TOTAL","","","","","","","","00000000","","PPITW","PPITW, (COMMODITIES, SERVICES, INTEREST, TAXES & WAGE RATES) - INDEX FOR PRICE PAID, 2011","TOTAL","NOT SPECIFIED","66.8",""
"SURVEY","2004","NOV","","NATIONAL","US TOTAL","","","","","","","","00000000","","PPITW","PPITW, (COMMODITIES, SERVICES, INTEREST, TAXES & WAGE RATES) - INDEX FOR PRICE PAID, 2011","TOTAL","NOT SPECIFIED","66.7",""
"SURVEY","2004","DEC","","NATIONAL","US TOTAL","","","","","","","","00000000","","PPITW","PPITW, (COMMODITIES, SERVICES, INTEREST, TAXES & WAGE RATES) - INDEX FOR PRICE PAID, 2011","TOTAL","NOT SPECIFIED","66.4",""
"SURVEY","2003","YEAR","","NATIONAL","US TOTAL","","","","","","","","00000000","","PPITW","PPITW, (COMMODITIES, SERVICES, INTEREST, TAXES & WAGE RATES) - INDEX FOR PRICE PAID, 2011","TOTAL","NOT SPECIFIED","62.7",""
"SURVEY","2003","JAN","","NATIONAL","US TOTAL","","","","","","","","00000000","","PPITW","PPITW, (COMMODITIES, SERVICES, INTEREST, TAXES & WAGE RATES) - INDEX FOR PRICE PAID, 2011","TOTAL","NOT SPECIFIED","62",""
"SURVEY","2003","FEB","","NATIONAL","US TOTAL","","","","","","","","00000000","","PPITW","PPITW, (COMMODITIES, SERVICES, INTEREST, TAXES & WAGE RATES) - INDEX FOR PRICE PAID, 2011","TOTAL","NOT SPECIFIED","62.3",""
"SURVEY","2003","MAR","","NATIONAL","US TOTAL","","","","","","","","00000000","","PPITW","PPITW, (COMMODITIES, SERVICES, INTEREST, TAXES & WAGE RATES) - INDEX FOR PRICE PAID, 2011","TOTAL","NOT SPECIFIED","62.5",""
"SURVEY","2003","APR","","NATIONAL","US TOTAL","","","","","","","","00000000","","PPITW","PPITW, (COMMODITIES, SERVICES, INTEREST, TAXES & WAGE RATES) - INDEX FOR PRICE PAID, 2011","TOTAL","NOT SPECIFIED","62.6",""
"SURVEY","2003","MAY","","NATIONAL","US TOTAL","","","","","","","","00000000","","PPITW","PPITW, (COMMODITIES, SERVICES, INTEREST, TAXES & WAGE RATES) - INDEX FOR PRICE PAID, 2011","TOTAL","NOT SPECIFIED","62.5",""
"SURVEY","2003","JUN","","NATIONAL","US TOTAL","","","","","","","","00000000","","PPITW","PPITW, (COMMODITIES, SERVICES, INTEREST, TAXES & WAGE RATES) - INDEX FOR PRICE PAID, 2011","TOTAL","NOT SPECIFIED","62.5",""
"SURVEY","2003","JUL","","NATIONAL","US TOTAL","","","","","","","","00000000","","PPITW","PPITW, (COMMODITIES, SERVICES, INTEREST, TAXES & WAGE RATES) - INDEX FOR PRICE PAID, 2011","TOTAL","NOT SPECIFIED","62.3",""
"SURVEY","2003","AUG","","NATIONAL","US TOTAL","","","","","","","","00000000","","PPITW","PPITW, (COMMODITIES, SERVICES, INTEREST, TAXES & WAGE RATES) - INDEX FOR PRICE PAID, 2011","TOTAL","NOT SPECIFIED","62.3",""
"SURVEY","2003","SEP","","NATIONAL","US TOTAL","","","","","","","","00000000","","PPITW","PPITW, (COMMODITIES, SERVICES, INTEREST, TAXES & WAGE RATES) - INDEX FOR PRICE PAID, 2011","TOTAL","NOT SPECIFIED","63",""
"SURVEY","2003","OCT","","NATIONAL","US TOTAL","","","","","","","","00000000","","PPITW","PPITW, (COMMODITIES, SERVICES, INTEREST, TAXES & WAGE RATES) - INDEX FOR PRICE PAID, 2011","TOTAL","NOT SPECIFIED","63.3",""
"SURVEY","2003","NOV","","NATIONAL","US TOTAL","","","","","","","","00000000","","PPITW","PPITW, (COMMODITIES, SERVICES, INTEREST, TAXES & WAGE RATES) - INDEX FOR PRICE PAID, 2011","TOTAL","NOT SPECIFIED","63.5",""
"SURVEY","2003","DEC","","NATIONAL","US TOTAL","","","","","","","","00000000","","PPITW","PPITW, (COMMODITIES, SERVICES, INTEREST, TAXES & WAGE RATES) - INDEX FOR PRICE PAID, 2011","TOTAL","NOT SPECIFIED","63.4",""
"SURVEY","2002","YEAR","","NATIONAL","US TOTAL","","","","","","","","00000000","","PPITW","PPITW, (COMMODITIES, SERVICES, INTEREST, TAXES & WAGE RATES) - INDEX FOR PRICE PAID, 2011","TOTAL","NOT SPECIFIED","60.7",""
"SURVEY","2002","JAN","","NATIONAL","US TOTAL","","","","","","","","00000000","","PPITW","PPITW, (COMMODITIES, SERVICES, INTEREST, TAXES & WAGE RATES) - INDEX FOR PRICE PAID, 2011","TOTAL","NOT SPECIFIED","60.2",""
"SURVEY","2002","FEB","","NATIONAL","US TOTAL","","","","","","","","00000000","","PPITW","PPITW, (COMMODITIES, SERVICES, INTEREST, TAXES & WAGE RATES) - INDEX FOR PRICE PAID, 2011","TOTAL","NOT SPECIFIED","60.2",""
"SURVEY","2002","MAR","","NATIONAL","US TOTAL","","","","","","","","00000000","","PPITW","PPITW, (COMMODITIES, SERVICES, INTEREST, TAXES & WAGE RATES) - INDEX FOR PRICE PAID, 2011","TOTAL","NOT SPECIFIED","60.3",""
"SURVEY","2002","APR","","NATIONAL","US TOTAL","","","","","","","","00000000","","PPITW","PPITW, (COMMODITIES, SERVICES, INTEREST, TAXES & WAGE RATES) - INDEX FOR PRICE PAID, 2011","TOTAL","NOT SPECIFIED","60.5",""
"SURVEY","2002","MAY","","NATIONAL","US TOTAL","","","","","","","","00000000","","PPITW","PPITW, (COMMODITIES, SERVICES, INTEREST, TAXES & WAGE RATES) - INDEX FOR PRICE PAID, 2011","TOTAL","NOT SPECIFIED","60.3",""
"SURVEY","2002","JUN","","NATIONAL","US TOTAL","","","","","","","","00000000","","PPITW","PPITW, (COMMODITIES, SERVICES, INTEREST, TAXES & WAGE RATES) - INDEX FOR PRICE PAID, 2011","TOTAL","NOT SPECIFIED","60.4",""
"SURVEY","2002","JUL","","NATIONAL","US TOTAL","","","","","","","","00000000","","PPITW","PPITW, (COMMODITIES, SERVICES, INTEREST, TAXES & WAGE RATES) - INDEX FOR PRICE PAID, 2011","TOTAL","NOT SPECIFIED","60.5",""
"SURVEY","2002","AUG","","NATIONAL","US TOTAL","","","","","","","","00000000","","PPITW","PPITW, (COMMODITIES, SERVICES, INTEREST, TAXES & WAGE RATES) - INDEX FOR PRICE PAID, 2011","TOTAL","NOT SPECIFIED","60.8",""
"SURVEY","2002","SEP","","NATIONAL","US TOTAL","","","","","","","","00000000","","PPITW","PPITW, (COMMODITIES, SERVICES, INTEREST, TAXES & WAGE RATES) - INDEX FOR PRICE PAID, 2011","TOTAL","NOT SPECIFIED","61.1",""
"SURVEY","2002","OCT","","NATIONAL","US TOTAL","","","","","","","","00000000","","PPITW","PPITW, (COMMODITIES, SERVICES, INTEREST, TAXES & WAGE RATES) - INDEX FOR PRICE PAID, 2011","TOTAL","NOT SPECIFIED","61.3",""
"SURVEY","2002","NOV","","NATIONAL","US TOTAL","","","","","","","","00000000","","PPITW","PPITW, (COMMODITIES, SERVICES, INTEREST, TAXES & WAGE RATES) - INDEX FOR PRICE PAID, 2011","TOTAL","NOT SPECIFIED","61.3",""
"SURVEY","2002","DEC","","NATIONAL","US TOTAL","","","","","","","","00000000","","PPITW","PPITW, (COMMODITIES, SERVICES, INTEREST, TAXES & WAGE RATES) - INDEX FOR PRICE PAID, 2011","TOTAL","NOT SPECIFIED","61.5",""
"SURVEY","2001","YEAR","","NATIONAL","US TOTAL","","","","","","","","00000000","","PPITW","PPITW, (COMMODITIES, SERVICES, INTEREST, TAXES & WAGE RATES) - INDEX FOR PRICE PAID, 2011","TOTAL","NOT SPECIFIED","60.5",""
"SURVEY","2001","JAN","","NATIONAL","US TOTAL","","","","","","","","00000000","","PPITW","PPITW, (COMMODITIES, SERVICES, INTEREST, TAXES & WAGE RATES) - INDEX FOR PRICE PAID, 2011","TOTAL","NOT SPECIFIED","60.9",""
"SURVEY","2001","FEB","","NATIONAL","US TOTAL","","","","","","","","00000000","","PPITW","PPITW, (COMMODITIES, SERVICES, INTEREST, TAXES & WAGE RATES) - INDEX FOR PRICE PAID, 2011","TOTAL","NOT SPECIFIED","60.8",""
"SURVEY","2001","MAR","","NATIONAL","US TOTAL","","","","","","","","00000000","","PPITW","PPITW, (COMMODITIES, SERVICES, INTEREST, TAXES & WAGE RATES) - INDEX FOR PRICE PAID, 2011","TOTAL","NOT SPECIFIED","60.6",""
"SURVEY","2001","APR","","NATIONAL","US TOTAL","","","","","","","","00000000","","PPITW","PPITW, (COMMODITIES, SERVICES, INTEREST, TAXES & WAGE RATES) - INDEX FOR PRICE PAID, 2011","TOTAL","NOT SPECIFIED","60.6",""
"SURVEY","2001","MAY","","NATIONAL","US TOTAL","","","","","","","","00000000","","PPITW","PPITW, (COMMODITIES, SERVICES, INTEREST, TAXES & WAGE RATES) - INDEX FOR PRICE PAID, 2011","TOTAL","NOT SPECIFIED","60.6",""
"SURVEY","2001","JUN","","NATIONAL","US TOTAL","","","","","","","","00000000","","PPITW","PPITW, (COMMODITIES, SERVICES, INTEREST, TAXES & WAGE RATES) - INDEX FOR PRICE PAID, 2011","TOTAL","NOT SPECIFIED","60.7",""
"SURVEY","2001","JUL","","NATIONAL","US TOTAL","","","","","","","","00000000","","PPITW","PPITW, (COMMODITIES, SERVICES, INTEREST, TAXES & WAGE RATES) - INDEX FOR PRICE PAID, 2011","TOTAL","NOT SPECIFIED","60.5",""
"SURVEY","2001","AUG","","NATIONAL","US TOTAL","","","","","","","","00000000","","PPITW","PPITW, (COMMODITIES, SERVICES, INTEREST, TAXES & WAGE RATES) - INDEX FOR PRICE PAID, 2011","TOTAL","NOT SPECIFIED","60.5",""
"SURVEY","2001","SEP","","NATIONAL","US TOTAL","","","","","","","","00000000","","PPITW","PPITW, (COMMODITIES, SERVICES, INTEREST, TAXES & WAGE RATES) - INDEX FOR PRICE PAID, 2011","TOTAL","NOT SPECIFIED","60.5",""
"SURVEY","2001","OCT","","NATIONAL","US TOTAL","","","","","","","","00000000","","PPITW","PPITW, (COMMODITIES, SERVICES, INTEREST, TAXES & WAGE RATES) - INDEX FOR PRICE PAID, 2011","TOTAL","NOT SPECIFIED","60.4",""
"SURVEY","2001","NOV","","NATIONAL","US TOTAL","","","","","","","","00000000","","PPITW","PPITW, (COMMODITIES, SERVICES, INTEREST, TAXES & WAGE RATES) - INDEX FOR PRICE PAID, 2011","TOTAL","NOT SPECIFIED","60",""
"SURVEY","2001","DEC","","NATIONAL","US TOTAL","","","","","","","","00000000","","PPITW","PPITW, (COMMODITIES, SERVICES, INTEREST, TAXES & WAGE RATES) - INDEX FOR PRICE PAID, 2011","TOTAL","NOT SPECIFIED","59.9",""
"SURVEY","2000","YEAR","","NATIONAL","US TOTAL","","","","","","","","00000000","","PPITW","PPITW, (COMMODITIES, SERVICES, INTEREST, TAXES & WAGE RATES) - INDEX FOR PRICE PAID, 2011","TOTAL","NOT SPECIFIED","58.7",""
"SURVEY","2000","JAN","","NATIONAL","US TOTAL","","","","","","","","00000000","","PPITW","PPITW, (COMMODITIES, SERVICES, INTEREST, TAXES & WAGE RATES) - INDEX FOR PRICE PAID, 2011","TOTAL","NOT SPECIFIED","57.8",""
"SURVEY","2000","FEB","","NATIONAL","US TOTAL","","","","","","","","00000000","","PPITW","PPITW, (COMMODITIES, SERVICES, INTEREST, TAXES & WAGE RATES) - INDEX FOR PRICE PAID, 2011","TOTAL","NOT SPECIFIED","58.1",""
"SURVEY","2000","MAR","","NATIONAL","US TOTAL","","","","","","","","00000000","","PPITW","PPITW, (COMMODITIES, SERVICES, INTEREST, TAXES & WAGE RATES) - INDEX FOR PRICE PAID, 2011","TOTAL","NOT SPECIFIED","58.3",""
"SURVEY","2000","APR","","NATIONAL","US TOTAL","","","","","","","","00000000","","PPITW","PPITW, (COMMODITIES, SERVICES, INTEREST, TAXES & WAGE RATES) - INDEX FOR PRICE PAID, 2011","TOTAL","NOT SPECIFIED","58.5",""
"SURVEY","2000","MAY","","NATIONAL","US TOTAL","","","","","","","","00000000","","PPITW","PPITW, (COMMODITIES, SERVICES, INTEREST, TAXES & WAGE RATES) - INDEX FOR PRICE PAID, 2011","TOTAL","NOT SPECIFIED","58.5",""
"SURVEY","2000","JUN","","NATIONAL","US TOTAL","","","","","","","","00000000","","PPITW","PPITW, (COMMODITIES, SERVICES, INTEREST, TAXES & WAGE RATES) - INDEX FOR PRICE PAID, 2011","TOTAL","NOT SPECIFIED","58.7",""
"SURVEY","2000","JUL","","NATIONAL","US TOTAL","","","","","","","","00000000","","PPITW","PPITW, (COMMODITIES, SERVICES, INTEREST, TAXES & WAGE RATES) - INDEX FOR PRICE PAID, 2011","TOTAL","NOT SPECIFIED","58.7",""
"SURVEY","2000","AUG","","NATIONAL","US TOTAL","","","","","","","","00000000","","PPITW","PPITW, (COMMODITIES, SERVICES, INTEREST, TAXES & WAGE RATES) - INDEX FOR PRICE PAID, 2011","TOTAL","NOT SPECIFIED","58.3",""
"SURVEY","2000","SEP","","NATIONAL","US TOTAL","","","","","","","","00000000","","PPITW","PPITW, (COMMODITIES, SERVICES, INTEREST, TAXES & WAGE RATES) - INDEX FOR PRICE PAID, 2011","TOTAL","NOT SPECIFIED","58.7",""
"SURVEY","2000","OCT","","NATIONAL","US TOTAL","","","","","","","","00000000","","PPITW","PPITW, (COMMODITIES, SERVICES, INTEREST, TAXES & WAGE RATES) - INDEX FOR PRICE PAID, 2011","TOTAL","NOT SPECIFIED","59.2",""
"SURVEY","2000","NOV","","NATIONAL","US TOTAL","","","","","","","","00000000","","PPITW","PPITW, (COMMODITIES, SERVICES, INTEREST, TAXES & WAGE RATES) - INDEX FOR PRICE PAID, 2011","TOTAL","NOT SPECIFIED","59.4",""
"SURVEY","2000","DEC","","NATIONAL","US TOTAL","","","","","","","","00000000","","PPITW","PPITW, (COMMODITIES, SERVICES, INTEREST, TAXES & WAGE RATES) - INDEX FOR PRICE PAID, 2011","TOTAL","NOT SPECIFIED","59.9",""
"SURVEY","1999","YEAR","","NATIONAL","US TOTAL","","","","","","","","00000000","","PPITW","PPITW, (COMMODITIES, SERVICES, INTEREST, TAXES & WAGE RATES) - INDEX FOR PRICE PAID, 2011","TOTAL","NOT SPECIFIED","56.4",""
"SURVEY","1999","JAN","","NATIONAL","US TOTAL","","","","","","","","00000000","","PPITW","PPITW, (COMMODITIES, SERVICES, INTEREST, TAXES & WAGE RATES) - INDEX FOR PRICE PAID, 2011","TOTAL","NOT SPECIFIED","56.2",""
"SURVEY","1999","FEB","","NATIONAL","US TOTAL","","","","","","","","00000000","","PPITW","PPITW, (COMMODITIES, SERVICES, INTEREST, TAXES & WAGE RATES) - INDEX FOR PRICE PAID, 2011","TOTAL","NOT SPECIFIED","56.2",""
"SURVEY","1999","MAR","","NATIONAL","US TOTAL","","","","","","","","00000000","","PPITW","PPITW, (COMMODITIES, SERVICES, INTEREST, TAXES & WAGE RATES) - INDEX FOR PRICE PAID, 2011","TOTAL","NOT SPECIFIED","56.1",""
"SURVEY","1999","APR","","NATIONAL","US TOTAL","","","","","","","","00000000","","PPITW","PPITW, (COMMODITIES, SERVICES, INTEREST, TAXES & WAGE RATES) - INDEX FOR PRICE PAID, 2011","TOTAL","NOT SPECIFIED","56.3",""
"SURVEY","1999","MAY","","NATIONAL","US TOTAL","","","","","","","","00000000","","PPITW","PPITW, (COMMODITIES, SERVICES, INTEREST, TAXES & WAGE RATES) - INDEX FOR PRICE PAID, 2011","TOTAL","NOT SPECIFIED","56.2",""
"SURVEY","1999","JUN","","NATIONAL","US TOTAL","","","","","","","","00000000","","PPITW","PPITW, (COMMODITIES, SERVICES, INTEREST, TAXES & WAGE RATES) - INDEX FOR PRICE PAID, 2011","TOTAL","NOT SPECIFIED","56.3",""
"SURVEY","1999","JUL","","NATIONAL","US TOTAL","","","","","","","","00000000","","PPITW","PPITW, (COMMODITIES, SERVICES, INTEREST, TAXES & WAGE RATES) - INDEX FOR PRICE PAID, 2011","TOTAL","NOT SPECIFIED","56",""
"SURVEY","1999","AUG","","NATIONAL","US TOTAL","","","","","","","","00000000","","PPITW","PPITW, (COMMODITIES, SERVICES, INTEREST, TAXES & WAGE RATES) - INDEX FOR PRICE PAID, 2011","TOTAL","NOT SPECIFIED","56.1",""
"SURVEY","1999","SEP","","NATIONAL","US TOTAL","","","","","","","","00000000","","PPITW","PPITW, (COMMODITIES, SERVICES, INTEREST, TAXES & WAGE RATES) - INDEX FOR PRICE PAID, 2011","TOTAL","NOT SPECIFIED","56.4",""
"SURVEY","1999","OCT","","NATIONAL","US TOTAL","","","","","","","","00000000","","PPITW","PPITW, (COMMODITIES, SERVICES, INTEREST, TAXES & WAGE RATES) - INDEX FOR PRICE PAID, 2011","TOTAL","NOT SPECIFIED","56.8",""
"SURVEY","1999","NOV","","NATIONAL","US TOTAL","","","","","","","","00000000","","PPITW","PPITW, (COMMODITIES, SERVICES, INTEREST, TAXES & WAGE RATES) - INDEX FOR PRICE PAID, 2011","TOTAL","NOT SPECIFIED","56.9",""
"SURVEY","1999","DEC","","NATIONAL","US TOTAL","","","","","","","","00000000","","PPITW","PPITW, (COMMODITIES, SERVICES, INTEREST, TAXES & WAGE RATES) - INDEX FOR PRICE PAID, 2011","TOTAL","NOT SPECIFIED","57.2",""
"SURVEY","1998","YEAR","","NATIONAL","US TOTAL","","","","","","","","00000000","","PPITW","PPITW, (COMMODITIES, SERVICES, INTEREST, TAXES & WAGE RATES) - INDEX FOR PRICE PAID, 2011","TOTAL","NOT SPECIFIED","56.8",""
"SURVEY","1998","JAN","","NATIONAL","US TOTAL","","","","","","","","00000000","","PPITW","PPITW, (COMMODITIES, SERVICES, INTEREST, TAXES & WAGE RATES) - INDEX FOR PRICE PAID, 2011","TOTAL","NOT SPECIFIED","57.8",""
"SURVEY","1998","FEB","","NATIONAL","US TOTAL","","","","","","","","00000000","","PPITW","PPITW, (COMMODITIES, SERVICES, INTEREST, TAXES & WAGE RATES) - INDEX FOR PRICE PAID, 2011","TOTAL","NOT SPECIFIED","57.7",""
"SURVEY","1998","MAR","","NATIONAL","US TOTAL","","","","","","","","00000000","","PPITW","PPITW, (COMMODITIES, SERVICES, INTEREST, TAXES & WAGE RATES) - INDEX FOR PRICE PAID, 2011","TOTAL","NOT SPECIFIED","57.4",""
"SURVEY","1998","APR","","NATIONAL","US TOTAL","","","","","","","","00000000","","PPITW","PPITW, (COMMODITIES, SERVICES, INTEREST, TAXES & WAGE RATES) - INDEX FOR PRICE PAID, 2011","TOTAL","NOT SPECIFIED","57.2",""
"SURVEY","1998","MAY","","NATIONAL","US TOTAL","","","","","","","","00000000","","PPITW","PPITW, (COMMODITIES, SERVICES, INTEREST, TAXES & WAGE RATES) - INDEX FOR PRICE PAID, 2011","TOTAL","NOT SPECIFIED","57",""
"SURVEY","1998","JUN","","NATIONAL","US TOTAL","","","","","","","","00000000","","PPITW","PPITW, (COMMODITIES, SERVICES, INTEREST, TAXES & WAGE RATES) - INDEX FOR PRICE PAID, 2011","TOTAL","NOT SPECIFIED","56.9",""
"SURVEY","1998","JUL","","NATIONAL","US TOTAL","","","","","","","","00000000","","PPITW","PPITW, (COMMODITIES, SERVICES, INTEREST, TAXES & WAGE RATES) - INDEX FOR PRICE PAID, 2011","TOTAL","NOT SPECIFIED","56.6",""
"SURVEY","1998","AUG","","NATIONAL","US TOTAL","","","","","","","","00000000","","PPITW","PPITW, (COMMODITIES, SERVICES, INTEREST, TAXES & WAGE RATES) - INDEX FOR PRICE PAID, 2011","TOTAL","NOT SPECIFIED","56.4",""
"SURVEY","1998","SEP","","NATIONAL","US TOTAL","","","","","","","","00000000","","PPITW","PPITW, (COMMODITIES, SERVICES, INTEREST, TAXES & WAGE RATES) - INDEX FOR PRICE PAID, 2011","TOTAL","NOT SPECIFIED","55.8",""
"SURVEY","1998","OCT","","NATIONAL","US TOTAL","","","","","","","","00000000","","PPITW","PPITW, (COMMODITIES, SERVICES, INTEREST, TAXES & WAGE RATES) - INDEX FOR PRICE PAID, 2011","TOTAL","NOT SPECIFIED","56.2",""
"SURVEY","1998","NOV","","NATIONAL","US TOTAL","","","","","","","","00000000","","PPITW","PPITW, (COMMODITIES, SERVICES, INTEREST, TAXES & WAGE RATES) - INDEX FOR PRICE PAID, 2011","TOTAL","NOT SPECIFIED","56.3",""
"SURVEY","1998","DEC","","NATIONAL","US TOTAL","","","","","","","","00000000","","PPITW","PPITW, (COMMODITIES, SERVICES, INTEREST, TAXES & WAGE RATES) - INDEX FOR PRICE PAID, 2011","TOTAL","NOT SPECIFIED","56.3",""
"SURVEY","1997","YEAR","","NATIONAL","US TOTAL","","","","","","","","00000000","","PPITW","PPITW, (COMMODITIES, SERVICES, INTEREST, TAXES & WAGE RATES) - INDEX FOR PRICE PAID, 2011","TOTAL","NOT SPECIFIED","58.1",""
"SURVEY","1997","JAN","","NATIONAL","US TOTAL","","","","","","","","00000000","","PPITW","PPITW, (COMMODITIES, SERVICES, INTEREST, TAXES & WAGE RATES) - INDEX FOR PRICE PAID, 2011","TOTAL","NOT SPECIFIED","57.6",""
"SURVEY","1997","FEB","","NATIONAL","US TOTAL","","","","","","","","00000000","","PPITW","PPITW, (COMMODITIES, SERVICES, INTEREST, TAXES & WAGE RATES) - INDEX FOR PRICE PAID, 2011","TOTAL","NOT SPECIFIED","57.7",""
"SURVEY","1997","MAR","","NATIONAL","US TOTAL","","","","","","","","00000000","","PPITW","PPITW, (COMMODITIES, SERVICES, INTEREST, TAXES & WAGE RATES) - INDEX FOR PRICE PAID, 2011","TOTAL","NOT SPECIFIED","58",""
"SURVEY","1997","APR","","NATIONAL","US TOTAL","","","","","","","","00000000","","PPITW","PPITW, (COMMODITIES, SERVICES, INTEREST, TAXES & WAGE RATES) - INDEX FOR PRICE PAID, 2011","TOTAL","NOT SPECIFIED","58.2",""
"SURVEY","1997","MAY","","NATIONAL","US TOTAL","","","","","","","","00000000","","PPITW","PPITW, (COMMODITIES, SERVICES, INTEREST, TAXES & WAGE RATES) - INDEX FOR PRICE PAID, 2011","TOTAL","NOT SPECIFIED","58.4",""
"SURVEY","1997","JUN","","NATIONAL","US TOTAL","","","","","","","","00000000","","PPITW","PPITW, (COMMODITIES, SERVICES, INTEREST, TAXES & WAGE RATES) - INDEX FOR PRICE PAID, 2011","TOTAL","NOT SPECIFIED","58.2",""
"SURVEY","1997","JUL","","NATIONAL","US TOTAL","","","","","","","","00000000","","PPITW","PPITW, (COMMODITIES, SERVICES, INTEREST, TAXES & WAGE RATES) - INDEX FOR PRICE PAID, 2011","TOTAL","NOT SPECIFIED","58",""
"SURVEY","1997","AUG","","NATIONAL","US TOTAL","","","","","","","","00000000","","PPITW","PPITW, (COMMODITIES, SERVICES, INTEREST, TAXES & WAGE RATES) - INDEX FOR PRICE PAID, 2011","TOTAL","NOT SPECIFIED","58.1",""
"SURVEY","1997","SEP","","NATIONAL","US TOTAL","","","","","","","","00000000","","PPITW","PPITW, (COMMODITIES, SERVICES, INTEREST, TAXES & WAGE RATES) - INDEX FOR PRICE PAID, 2011","TOTAL","NOT SPECIFIED","58.4",""
"SURVEY","1997","OCT","","NATIONAL","US TOTAL","","","","","","","","00000000","","PPITW","PPITW, (COMMODITIES, SERVICES, INTEREST, TAXES & WAGE RATES) - INDEX FOR PRICE PAID, 2011","TOTAL","NOT SPECIFIED","58.3",""
"SURVEY","1997","NOV","","NATIONAL","US TOTAL","","","","","","","","00000000","","PPITW","PPITW, (COMMODITIES, SERVICES, INTEREST, TAXES & WAGE RATES) - INDEX FOR PRICE PAID, 2011","TOTAL","NOT SPECIFIED","58.4",""
"SURVEY","1997","DEC","","NATIONAL","US TOTAL","","","","","","","","00000000","","PPITW","PPITW, (COMMODITIES, SERVICES, INTEREST, TAXES & WAGE RATES) - INDEX FOR PRICE PAID, 2011","TOTAL","NOT SPECIFIED","58.4",""
"SURVEY","1996","YEAR","","NATIONAL","US TOTAL","","","","","","","","00000000","","PPITW","PPITW, (COMMODITIES, SERVICES, INTEREST, TAXES & WAGE RATES) - INDEX FOR PRICE PAID, 2011","TOTAL","NOT SPECIFIED","56.6",""
"SURVEY","1996","JAN","","NATIONAL","US TOTAL","","","","","","","","00000000","","PPITW","PPITW, (COMMODITIES, SERVICES, INTEREST, TAXES & WAGE RATES) - INDEX FOR PRICE PAID, 2011","TOTAL","NOT SPECIFIED","55.7",""
"SURVEY","1996","FEB","","NATIONAL","US TOTAL","","","","","","","","00000000","","PPITW","PPITW, (COMMODITIES, SERVICES, INTEREST, TAXES & WAGE RATES) - INDEX FOR PRICE PAID, 2011","TOTAL","NOT SPECIFIED","55.7",""
"SURVEY","1996","MAR","","NATIONAL","US TOTAL","","","","","","","","00000000","","PPITW","PPITW, (COMMODITIES, SERVICES, INTEREST, TAXES & WAGE RATES) - INDEX FOR PRICE PAID, 2011","TOTAL","NOT SPECIFIED","56",""
"SURVEY","1996","APR","","NATIONAL","US TOTAL","","","","","","","","00000000","","PPITW","PPITW, (COMMODITIES, SERVICES, INTEREST, TAXES & WAGE RATES) - INDEX FOR PRICE PAID, 2011","TOTAL","NOT SPECIFIED","56.4",""
"SURVEY","1996","MAY","","NATIONAL","US TOTAL","","","","","","","","00000000","","PPITW","PPITW, (COMMODITIES, SERVICES, INTEREST, TAXES & WAGE RATES) - INDEX FOR PRICE PAID, 2011","TOTAL","NOT SPECIFIED","56.9",""
"SURVEY","1996","JUN","","NATIONAL","US TOTAL","","","","","","","","00000000","","PPITW","PPITW, (COMMODITIES, SERVICES, INTEREST, TAXES & WAGE RATES) - INDEX FOR PRICE PAID, 2011","TOTAL","NOT SPECIFIED","56.8",""
"SURVEY","1996","JUL","","NATIONAL","US TOTAL","","","","","","","","00000000","","PPITW","PPITW, (COMMODITIES, SERVICES, INTEREST, TAXES & WAGE RATES) - INDEX FOR PRICE PAID, 2011","TOTAL","NOT SPECIFIED","56.9",""
"SURVEY","1996","AUG","","NATIONAL","US TOTAL","","","","","","","","00000000","","PPITW","PPITW, (COMMODITIES, SERVICES, INTEREST, TAXES & WAGE RATES) - INDEX FOR PRICE PAID, 2011","TOTAL","NOT SPECIFIED","57",""
"SURVEY","1996","SEP","","NATIONAL","US TOTAL","","","","","","","","00000000","","PPITW","PPITW, (COMMODITIES, SERVICES, INTEREST, TAXES & WAGE RATES) - INDEX FOR PRICE PAID, 2011","TOTAL","NOT SPECIFIED","57.1",""
"SURVEY","1996","OCT","","NATIONAL","US TOTAL","","","","","","","","00000000","","PPITW","PPITW, (COMMODITIES, SERVICES, INTEREST, TAXES & WAGE RATES) - INDEX FOR PRICE PAID, 2011","TOTAL","NOT SPECIFIED","56.8",""
"SURVEY","1996","NOV","","NATIONAL","US TOTAL","","","","","","","","00000000","","PPITW","PPITW, (COMMODITIES, SERVICES, INTEREST, TAXES & WAGE RATES) - INDEX FOR PRICE PAID, 2011","TOTAL","NOT SPECIFIED","56.7",""
"SURVEY","1996","DEC","","NATIONAL","US TOTAL","","","","","","","","00000000","","PPITW","PPITW, (COMMODITIES, SERVICES, INTEREST, TAXES & WAGE RATES) - INDEX FOR PRICE PAID, 2011","TOTAL","NOT SPECIFIED","56.8",""
"SURVEY","1995","YEAR","","NATIONAL","US TOTAL","","","","","","","","00000000","","PPITW","PPITW, (COMMODITIES, SERVICES, INTEREST, TAXES & WAGE RATES) - INDEX FOR PRICE PAID, 2011","TOTAL","NOT SPECIFIED","53.7",""
"SURVEY","1995","JAN","","NATIONAL","US TOTAL","","","","","","","","00000000","","PPITW","PPITW, (COMMODITIES, SERVICES, INTEREST, TAXES & WAGE RATES) - INDEX FOR PRICE PAID, 2011","TOTAL","NOT SPECIFIED","53.4",""
"SURVEY","1995","FEB","","NATIONAL","US TOTAL","","","","","","","","00000000","","PPITW","PPITW, (COMMODITIES, SERVICES, INTEREST, TAXES & WAGE RATES) - INDEX FOR PRICE PAID, 2011","TOTAL","NOT SPECIFIED","53.3",""
"SURVEY","1995","MAR","","NATIONAL","US TOTAL","","","","","","","","00000000","","PPITW","PPITW, (COMMODITIES, SERVICES, INTEREST, TAXES & WAGE RATES) - INDEX FOR PRICE PAID, 2011","TOTAL","NOT SPECIFIED","53.4",""
"SURVEY","1995","APR","","NATIONAL","US TOTAL","","","","","","","","00000000","","PPITW","PPITW, (COMMODITIES, SERVICES, INTEREST, TAXES & WAGE RATES) - INDEX FOR PRICE PAID, 2011","TOTAL","NOT SPECIFIED","53.5",""
"SURVEY","1995","MAY","","NATIONAL","US TOTAL","","","","","","","","00000000","","PPITW","PPITW, (COMMODITIES, SERVICES, INTEREST, TAXES & WAGE RATES) - INDEX FOR PRICE PAID, 2011","TOTAL","NOT SPECIFIED","53.5",""
"SURVEY","1995","JUN","","NATIONAL","US TOTAL","","","","","","","","00000000","","PPITW","PPITW, (COMMODITIES, SERVICES, INTEREST, TAXES & WAGE RATES) - INDEX FOR PRICE PAID, 2011","TOTAL","NOT SPECIFIED","53.6",""
"SURVEY","1995","JUL","","NATIONAL","US TOTAL","","","","","","","","00000000","","PPITW","PPITW, (COMMODITIES, SERVICES, INTEREST, TAXES & WAGE RATES) - INDEX FOR PRICE PAID, 2011","TOTAL","NOT SPECIFIED","53.7",""
"SURVEY","1995","AUG","","NATIONAL","US TOTAL","","","","","","","","00000000","","PPITW","PPITW, (COMMODITIES, SERVICES, INTEREST, TAXES & WAGE RATES) - INDEX FOR PRICE PAID, 2011","TOTAL","NOT SPECIFIED","53.7",""
"SURVEY","1995","SEP","","NATIONAL","US TOTAL","","","","","","","","00000000","","PPITW","PPITW, (COMMODITIES, SERVICES, INTEREST, TAXES & WAGE RATES) - INDEX FOR PRICE PAID, 2011","TOTAL","NOT SPECIFIED","53.8",""
"SURVEY","1995","OCT","","NATIONAL","US TOTAL","","","","","","","","00000000","","PPITW","PPITW, (COMMODITIES, SERVICES, INTEREST, TAXES & WAGE RATES) - INDEX FOR PRICE PAID, 2011","TOTAL","NOT SPECIFIED","54",""
"SURVEY","1995","NOV","","NATIONAL","US TOTAL","","","","","","","","00000000","","PPITW","PPITW, (COMMODITIES, SERVICES, INTEREST, TAXES & WAGE RATES) - INDEX FOR PRICE PAID, 2011","TOTAL","NOT SPECIFIED","54.2",""
"SURVEY","1995","DEC","","NATIONAL","US TOTAL","","","","","","","","00000000","","PPITW","PPITW, (COMMODITIES, SERVICES, INTEREST, TAXES & WAGE RATES) - INDEX FOR PRICE PAID, 2011","TOTAL","NOT SPECIFIED","54.7",""
"SURVEY","1994","YEAR","","NATIONAL","US TOTAL","","","","","","","","00000000","","PPITW","PPITW, (COMMODITIES, SERVICES, INTEREST, TAXES & WAGE RATES) - INDEX FOR PRICE PAID, 2011","TOTAL","NOT SPECIFIED","52.3",""
"SURVEY","1994","JAN","","NATIONAL","US TOTAL","","","","","","","","00000000","","PPITW","PPITW, (COMMODITIES, SERVICES, INTEREST, TAXES & WAGE RATES) - INDEX FOR PRICE PAID, 2011","TOTAL","NOT SPECIFIED","52.3",""
"SURVEY","1994","APR","","NATIONAL","US TOTAL","","","","","","","","00000000","","PPITW","PPITW, (COMMODITIES, SERVICES, INTEREST, TAXES & WAGE RATES) - INDEX FOR PRICE PAID, 2011","TOTAL","NOT SPECIFIED","52.7",""
"SURVEY","1994","JUL","","NATIONAL","US TOTAL","","","","","","","","00000000","","PPITW","PPITW, (COMMODITIES, SERVICES, INTEREST, TAXES & WAGE RATES) - INDEX FOR PRICE PAID, 2011","TOTAL","NOT SPECIFIED","52.2",""
"SURVEY","1994","OCT","","NATIONAL","US TOTAL","","","","","","","","00000000","","PPITW","PPITW, (COMMODITIES, SERVICES, INTEREST, TAXES & WAGE RATES) - INDEX FOR PRICE PAID, 2011","TOTAL","NOT SPECIFIED","52.1",""
"SURVEY","1993","YEAR","","NATIONAL","US TOTAL","","","","","","","","00000000","","PPITW","PPITW, (COMMODITIES, SERVICES, INTEREST, TAXES & WAGE RATES) - INDEX FOR PRICE PAID, 2011","TOTAL","NOT SPECIFIED","51.1",""
"SURVEY","1993","JAN","","NATIONAL","US TOTAL","","","","","","","","00000000","","PPITW","PPITW, (COMMODITIES, SERVICES, INTEREST, TAXES & WAGE RATES) - INDEX FOR PRICE PAID, 2011","TOTAL","NOT SPECIFIED","50.6",""
"SURVEY","1993","APR","","NATIONAL","US TOTAL","","","","","","","","00000000","","PPITW","PPITW, (COMMODITIES, SERVICES, INTEREST, TAXES & WAGE RATES) - INDEX FOR PRICE PAID, 2011","TOTAL","NOT SPECIFIED","51.2",""
"SURVEY","1993","JUL","","NATIONAL","US TOTAL","","","","","","","","00000000","","PPITW","PPITW, (COMMODITIES, SERVICES, INTEREST, TAXES & WAGE RATES) - INDEX FOR PRICE PAID, 2011","TOTAL","NOT SPECIFIED","51",""
"SURVEY","1993","OCT","","NATIONAL","US TOTAL","","","","","","","","00000000","","PPITW","PPITW, (COMMODITIES, SERVICES, INTEREST, TAXES & WAGE RATES) - INDEX FOR PRICE PAID, 2011","TOTAL","NOT SPECIFIED","51.4",""
"SURVEY","1992","YEAR","","NATIONAL","US TOTAL","","","","","","","","00000000","","PPITW","PPITW, (COMMODITIES, SERVICES, INTEREST, TAXES & WAGE RATES) - INDEX FOR PRICE PAID, 2011","TOTAL","NOT SPECIFIED","49.8",""
"SURVEY","1992","JAN","","NATIONAL","US TOTAL","","","","","","","","00000000","","PPITW","PPITW, (COMMODITIES, SERVICES, INTEREST, TAXES & WAGE RATES) - INDEX FOR PRICE PAID, 2011","TOTAL","NOT SPECIFIED","49.7",""
"SURVEY","1992","APR","","NATIONAL","US TOTAL","","","","","","","","00000000","","PPITW","PPITW, (COMMODITIES, SERVICES, INTEREST, TAXES & WAGE RATES) - INDEX FOR PRICE PAID, 2011","TOTAL","NOT SPECIFIED","49.7",""
"SURVEY","1992","JUL","","NATIONAL","US TOTAL","","","","","","","","00000000","","PPITW","PPITW, (COMMODITIES, SERVICES, INTEREST, TAXES & WAGE RATES) - INDEX FOR PRICE PAID, 2011","TOTAL","NOT SPECIFIED","49.8",""
"SURVEY","1992","OCT","","NATIONAL","US TOTAL","","","","","","","","00000000","","PPITW","PPITW, (COMMODITIES, SERVICES, INTEREST, TAXES & WAGE RATES) - INDEX FOR PRICE PAID, 2011","TOTAL","NOT SPECIFIED","49.9",""
"SURVEY","1991","YEAR","","NATIONAL","US TOTAL","","","","","","","","00000000","","PPITW","PPITW, (COMMODITIES, SERVICES, INTEREST, TAXES & WAGE RATES) - INDEX FOR PRICE PAID, 2011","TOTAL","NOT SPECIFIED","49.3",""
"SURVEY","1991","JAN","","NATIONAL","US TOTAL","","","","","","","","00000000","","PPITW","PPITW, (COMMODITIES, SERVICES, INTEREST, TAXES & WAGE RATES) - INDEX FOR PRICE PAID, 2011","TOTAL","NOT SPECIFIED","49.7",""
"SURVEY","1991","APR","","NATIONAL","US TOTAL","","","","","","","","00000000","","PPITW","PPITW, (COMMODITIES, SERVICES, INTEREST, TAXES & WAGE RATES) - INDEX FOR PRICE PAID, 2011","TOTAL","NOT SPECIFIED","49.5",""
"SURVEY","1991","JUL","","NATIONAL","US TOTAL","","","","","","","","00000000","","PPITW","PPITW, (COMMODITIES, SERVICES, INTEREST, TAXES & WAGE RATES) - INDEX FOR PRICE PAID, 2011","TOTAL","NOT SPECIFIED","48.8",""
"SURVEY","1991","OCT","","NATIONAL","US TOTAL","","","","","","","","00000000","","PPITW","PPITW, (COMMODITIES, SERVICES, INTEREST, TAXES & WAGE RATES) - INDEX FOR PRICE PAID, 2011","TOTAL","NOT SPECIFIED","49.2",""
"SURVEY","1990","YEAR","","NATIONAL","US TOTAL","","","","","","","","00000000","","PPITW","PPITW, (COMMODITIES, SERVICES, INTEREST, TAXES & WAGE RATES) - INDEX FOR PRICE PAID, 2011","TOTAL","NOT SPECIFIED","48.5",""
"SURVEY","1990","JAN","","NATIONAL","US TOTAL","","","","","","","","00000000","","PPITW","PPITW, (COMMODITIES, SERVICES, INTEREST, TAXES & WAGE RATES) - INDEX FOR PRICE PAID, 2011","TOTAL","NOT SPECIFIED","48",""
"SURVEY","1990","APR","","NATIONAL","US TOTAL","","","","","","","","00000000","","PPITW","PPITW, (COMMODITIES, SERVICES, INTEREST, TAXES & WAGE RATES) - INDEX FOR PRICE PAID, 2011","TOTAL","NOT SPECIFIED","48.3",""
"SURVEY","1990","JUL","","NATIONAL","US TOTAL","","","","","","","","00000000","","PPITW","PPITW, (COMMODITIES, SERVICES, INTEREST, TAXES & WAGE RATES) - INDEX FOR PRICE PAID, 2011","TOTAL","NOT SPECIFIED","48.1",""
"SURVEY","1990","OCT","","NATIONAL","US TOTAL","","","","","","","","00000000","","PPITW","PPITW, (COMMODITIES, SERVICES, INTEREST, TAXES & WAGE RATES) - INDEX FOR PRICE PAID, 2011","TOTAL","NOT SPECIFIED","49.4",""
